bnumber	symbol	synonyms	type
b4308	yjhR	ECK4299	pseudo
b0568	nfrA	ECK0560	protein-coding
b0001	thrL	ECK0001	protein-coding
b0021	insB1	ECK0022	protein-coding
b3229	sspA	ECK3218|pog|ssp	protein-coding
b0007	yaaJ	ECK0007	protein-coding
b0005	yaaX	ECK0005	protein-coding
b0008	talB	ECK0008|yaaK	protein-coding
b0006	yaaA	ECK0006	protein-coding
b0014	dnaK	ECK0014|groPAB|groPC|groPF|grpC|grpF|seg	protein-coding
b0013	yaaI	ECK0013	protein-coding
b2248	yfaX	ECK2241	protein-coding
b0015	dnaJ	ECK0015|groP|grpC	protein-coding
b0016	insL1	ECK0016|yi81-1	protein-coding
b0018	mokC	ECK0018|gefL	protein-coding
b0020	nhaR	ECK0021|antO|yaaB	protein-coding
b0019	nhaA	ECK0020|ant|antA	protein-coding
b0023	rpsT	ECK0024|sup(s20)|supS|supS20	protein-coding
b0009	mog	ECK0009|bisD|chlG|mogA|yaaG	protein-coding
b0026	ileS	ECK0027|ilvS	protein-coding
b0031	dapB	ECK0032	protein-coding
b2824	ygdB	ECK2820	protein-coding
b2625	yfjI	ECK2621	protein-coding
b0040	caiT	ECK0041|yaaP	protein-coding
b0045	yaaU	ECK0046|yabE	protein-coding
b0046	kefF	ECK0047|yabF	protein-coding
b0350	mhpD	ECK0347|mhpS	protein-coding
b4267	idnD	ECK4260|yjgV	protein-coding
b0049	apaH	ECK0050|cfcB	protein-coding
b0011	yaaW	ECK0011	protein-coding
b0050	apaG	ECK0051	protein-coding
b0047	kefC	ECK0048|trkC	protein-coding
b3228	sspB	ECK3217	protein-coding
b0033	carB	ECK0034|pyrA	protein-coding
b0029	ispH	ECK0030|lytB|yaaE	protein-coding
b0094	ftsA	ECK0095|divA	protein-coding
b0060	polB	ECK0061|dinA	protein-coding
b0064	araC	ECK0065	protein-coding
b0132	rpnC	ECK0131|yadD	protein-coding
b1464	yddE	ECK1458	protein-coding
b0065	yabI	ECK0066	protein-coding
b0067	thiP	ECK0068|sfuB|yabK	protein-coding
b0066	thiQ	ECK0067|sfuC|yabJ	protein-coding
b0095	ftsZ	ECK0096|sfiB|sulB	protein-coding
b0069	sgrR	ECK0070|yabN	protein-coding
b3786	wecB	ECK3778|mnaA|nfrC|rffE|yifF	protein-coding
b0048	folA	ECK0049|tmr|tmrA	protein-coding
b0085	murE	ECK0086	protein-coding
b0010	satP	ECK0010|yaaH	protein-coding
b0070	setA	ECK0072|yabM	protein-coding
b0115	aceF	ECK0114	protein-coding
b0034	caiF	ECK0035	protein-coding
b0030	rihC	ECK0031|yaaF	protein-coding
b4016	aceK	ECK4008	protein-coding
b0073	leuB	ECK0075	protein-coding
b0084	ftsI	ECK0085|pbpB|sep	protein-coding
b0027	lspA	ECK0028|lsp	protein-coding
b2347	yfdC	ECK2341	protein-coding
b0083	ftsL	ECK0084|mraR|yabD	protein-coding
b0080	cra	ECK0081|fruC|fruR|shl	protein-coding
b1094	acpP	ECK1080	protein-coding
b0082	rsmH	ECK0083|mraW|yabC	protein-coding
b0028	fkpB	ECK0029|slpA|yaaD	protein-coding
b2182	bcr	ECK2176|bicA|bicR|sur|suxA	protein-coding
b0119	yacL	ECK0118	protein-coding
b0081	mraZ	ECK0082|yabB	protein-coding
b1661	cfa	ECK1657|cdfA	protein-coding
b0053	surA	ECK0054	protein-coding
b0086	murF	ECK0087|mra	protein-coding
b0087	mraY	ECK0088|murX	protein-coding
b3785	wzzE	ECK3777|wzz|yifC	protein-coding
b0096	lpxC	ECK0097|asmB|envA	protein-coding
b0238	gpt	ECK0239|glyD|gpp|gxu	protein-coding
b0088	murD	ECK0089	protein-coding
b0139	htrE	ECK0138	protein-coding
b1615	uidC	ECK1610|gusC	protein-coding
b0098	secA	ECK0099|azi|pea|prlD	protein-coding
b1186	nhaB	ECK1174	protein-coding
b0093	ftsQ	ECK0094	protein-coding
b0099	mutT	ECK0100|nudA	protein-coding
b0971	serT	ECK0962|divE	tRNA
b0113	pdhR	ECK0112|aceC|genA|yacB	protein-coding
b0138	yadM	ECK0137	protein-coding
b0137	yadL	ECK0136	protein-coding
b0124	gcd	ECK0123	protein-coding
b0097	secM	ECK0098|srrA|yacA	protein-coding
b0126	can	ECK0125|yadF	protein-coding
b0127	yadG	ECK0126	protein-coding
b0114	aceE	ECK0113	protein-coding
b0136	yadK	ECK0135	protein-coding
b0128	yadH	ECK0127	protein-coding
b0135	yadC	ECK0134	protein-coding
b0182	lpxB	ECK0181|pgsB	protein-coding
b0134	panB	ECK0133	protein-coding
b1613	manA	ECK1608|pmi	protein-coding
b0141	yadN	ECK0140	protein-coding
b2996	hybA	ECK2990|hydL	protein-coding
b0149	mrcB	ECK0148|pbpF|ponB	protein-coding
b0273	argF	ECK0274	protein-coding
b0148	hrpB	ECK0147|yadO	protein-coding
b0144	gluQ	ECK0143|yadB	protein-coding
b2331	smrB	ECK2325|yfcN	protein-coding
b0147	thpR	ECK0146|ligT|yadP	protein-coding
b0181	lpxA	ECK0180	protein-coding
b0145	dksA	ECK0144|msmA	protein-coding
b1664	ydhQ	ECK1660	protein-coding
b0183	rnhB	ECK0182	protein-coding
b0707	ybgA	ECK0696|tkp	protein-coding
b0116	lpd	ECK0115|dhl|lpdA	protein-coding
b0146	sfsA	ECK0145|sfs|sfs1	protein-coding
b0150	fhuA	ECK0149|T1|T5rec|tonA	protein-coding
b0156	erpA	ECK0155|yadR	protein-coding
b1280	lapB	ECK1275|yciM	protein-coding
b0140	yadV	ECK0139|ecpD	protein-coding
b0162	cdaR	ECK0161|sdaR|yaeG	protein-coding
b0178	skp	ECK0177|firA|hlpA|ompH	protein-coding
b0166	dapD	ECK0164|ssa	protein-coding
b0167	glnD	ECK0165|glnD5	protein-coding
b0118	acnB	ECK0117|yacI|yacJ	protein-coding
b4386	lplA	ECK4378|slr|yjjF	protein-coding
b0170	tsf	ECK0169	protein-coding
b2916	argP	ECK2912|iciA	protein-coding
b0117	yacH	ECK0116	protein-coding
b0768	ybhD	ECK0757	protein-coding
b0177	bamA	ECK0176|ecfK|yaeT|yzzN|yzzY	protein-coding
b0176	rseP	ECK0175|ecfE|yaeL	protein-coding
b0811	glnH	ECK0800	protein-coding
b0102	zapD	ECK0102|yacF	protein-coding
b0174	ispU	ECK0173|rth|uppS|yaeS	protein-coding
b0187	yaeR	ECK0186	protein-coding
b0175	cdsA	ECK0174|cds	protein-coding
b0184	dnaE	ECK0183|polC|sdgC	protein-coding
b1681	sufD	ECK1677|ynhC	protein-coding
b0200	gmhB	ECK0200|yaeD	protein-coding
b0206	aspU	ECK0206	tRNA
b2688	gshA	ECK2683|gsh-I	protein-coding
b0179	lpxD	ECK0178|firA|omsA	protein-coding
b4385	hipH	ECK4377|yjjJ	protein-coding
b0202	ileV	ECK0202	tRNA
b2526	hscA	ECK2523|hsc	protein-coding
b0037	caiC	ECK0038|yaaM	protein-coding
b0186	ldcC	ECK0185|ldc|ldcH	protein-coding
b0180	fabZ	ECK0179|sabA1|sefA|sfhC21|yaeA	protein-coding
b0188	tilS	ECK0187|mesJ|yaeN	protein-coding
b0203	alaV	ECK0203	tRNA
b0189	rof	ECK0188|yaeO	protein-coding
b0193	yaeF	ECK0193|yaeK	protein-coding
b0197	metQ	ECK0197|metD|yaeC	protein-coding
b0198	metI	ECK0198|metD|yaeE	protein-coding
b0185	accA	ECK0184	protein-coding
b0199	metN	ECK0199|abc|metD	protein-coding
b0201	rrsH	ECK0201	rRNA
b0205	rrfH	ECK0205	rRNA
b0227	yafL	ECK0228	protein-coding
b0204	rrlH	ECK0204	rRNA
b0207	dkgB	ECK0207|yafB	protein-coding
b0212	gloB	ECK0212|yafR	protein-coding
b0213	yafS	ECK0213	protein-coding
b0405	queA	ECK0399|tsaA	protein-coding
b0223	yafJ	ECK0224	protein-coding
b3119	tdcR	ECK3108	protein-coding
b0229	lfhA	ECK0230|fhiA	pseudo
b0455	ffs	ECK0449	ncRNA
b0224	dpaA	ECK0225|ldtF|yafK	protein-coding
b0225	yafQ	ECK0226	protein-coding
b0234	yafP	ECK0235	protein-coding
b0228	rayT	ECK0229|yafM	protein-coding
b0226	dinJ	ECK0227|sosA	protein-coding
b0233	yafO	ECK0234	protein-coding
b0656	insH3	ECK0261|trs5-3|yi52_3	protein-coding
b0429	cyoD	ECK0423	protein-coding
b0052	pdxA	ECK0053	protein-coding
b0232	yafN	ECK0233	protein-coding
b0230	lafU	ECK0231|mbhA	pseudo
b0231	dinB	ECK0232|dinP	protein-coding
b2743	pcm	ECK2738	protein-coding
b0235	ykfJ	ECK0236	pseudo
b0268	yagE	ECK0269	protein-coding
b0241	phoE	ECK0242|ompE	protein-coding
b1593	bidA	ECK1588|ynfK	protein-coding
b0269	yagF	ECK0270	protein-coding
b0246	yafW	ECK0247	protein-coding
b0247	ykfG	ECK0249	protein-coding
b0248	yafX	ECK0250	protein-coding
b1428	ydcK	ECK1421	protein-coding
b4017	arpA	ECK4009|arp|yjaC	protein-coding
b0251	yafY	ECK0253	protein-coding
b1279	lapA	ECK1274|yciS	protein-coding
b0267	yagA	ECK0268	protein-coding
b0807	rlmF	ECK0796|ybiN	protein-coding
b0051	rsmA	ECK0052|ksgA	protein-coding
b0258	ykfC	ECK0260	protein-coding
b0259	insH1	ECK0261|trs5|trs5-1|yi52_1	protein-coding
b1432	insQ	ECK1426|tnpB|ydcM	protein-coding
b0756	galM	ECK0745	protein-coding
b0266	yagB	ECK0267	protein-coding
b2252	ais	ECK2245|pagH|pmrG	protein-coding
b0265	insA2	ECK0023	protein-coding
b0270	yagG	ECK0271	protein-coding
b0299	insF1	ECK0299|tra5-5	protein-coding
b0271	yagH	ECK0272	protein-coding
b0274	insB3	ECK0022	protein-coding
b0275	insA3	ECK0023	protein-coding
b0298	insE1	ECK0298	protein-coding
b1656	sodB	ECK1652	protein-coding
b0349	mhpC	ECK0346	protein-coding
b0870	ltaE	ECK0861|ltaA|ybjU	protein-coding
b0300	ykgA	ECK0300	pseudo
b0297	eaeH	ECK0297	pseudo
b0133	panC	ECK0132	protein-coding
b0279	yagM	ECK0278	protein-coding
b0296	ykgM	ECK0296	protein-coding
b0284	paoC	ECK0283|yagR	protein-coding
b0295	ykgL	ECK0294	protein-coding
b2712	hypF	ECK2707|hydA	protein-coding
b2813	mltA	ECK2809|mlt|ygdM	protein-coding
b1756	ynjD	ECK1754	protein-coding
b0294	matA	ECK0293|ecpR|ykgK	protein-coding
b0814	ompX	ECK0803|ompP|ybiG	protein-coding
b0328	yahN	ECK0326	protein-coding
b0327	yahM	ECK0325	protein-coding
b0326	yahL	ECK0324	protein-coding
b2314	dedD	ECK2308	protein-coding
b0521	ybcF	ECK0514|arcC	protein-coding
b1524	glsB	ECK1517|yneH	protein-coding
b0301	rclC	ECK0301|ykgB	protein-coding
b0325	yahK	ECK0323	protein-coding
b0324	yahJ	ECK0322	protein-coding
b0534	sfmF	ECK0527|ybcG	protein-coding
b0985	gfcC	ECK0976|ymcB	protein-coding
b2452	eutH	ECK2447|yffU	protein-coding
b0307	ykgF	ECK0306	protein-coding
b0313	betI	ECK0311	protein-coding
b3017	ftsP	ECK3008|sufI|sui	protein-coding
b1059	solA	ECK1044	protein-coding
b0323	yahI	ECK0321	protein-coding
b0329	yahO	ECK0327	protein-coding
b0357	frmR	ECK0354|yaiN	protein-coding
b0330	prpR	ECK0328|yahP	protein-coding
b0356	frmA	ECK0353|adhC	protein-coding
b0171	pyrH	ECK0170|smbA|umk	protein-coding
b0331	prpB	ECK0329|yahQ	protein-coding
b0355	frmB	ECK0352|yaiM	protein-coding
b0354	yaiL	ECK0351	protein-coding
b0336	codB	ECK0333	protein-coding
b0337	codA	ECK0334	protein-coding
b0353	mhpT	ECK0350|yaiK	protein-coding
b0950	pqiA	ECK0941|pqi5|pqi5A	protein-coding
b0621	dcuC	ECK0614	protein-coding
b0338	cynR	ECK0335	protein-coding
b0164	yaeI	ECK0163	protein-coding
b0571	cusR	ECK0563|ylcA	protein-coding
b0741	pal	ECK0730|excC	protein-coding
b1048	opgG	ECK1034|mdoA|mdoG	protein-coding
b0344	lacZ	ECK0341	protein-coding
b0345	lacI	ECK0342	protein-coding
b0351	mhpF	ECK0348	protein-coding
b0988	insB4	ECK0022	protein-coding
b0283	paoD	ECK0282|yagQ	protein-coding
b0054	lptD	ECK0055|imp|ostA|yabG	protein-coding
b0352	mhpE	ECK0349	protein-coding
b0237	pepD	ECK0238|pepH	protein-coding
b0358	yaiO	ECK0355	protein-coding
b0272	xynR	ECK0273|yagI	protein-coding
b0369	hemB	ECK0366|ncf	protein-coding
b0173	dxr	ECK0172|ispC|yaeM	protein-coding
b0368	tauD	ECK0365|ssiD|yaiG	protein-coding
b1061	dinI	ECK1046	protein-coding
b0969	tusE	ECK0960|yccK	protein-coding
b0542	renD	ECK0533|ybcE	pseudo
b0360	insC1	ECK0357|yi21-1	protein-coding
b0367	tauC	ECK0364|ssiC|yaiJ	protein-coding
b0366	tauB	ECK0363|ssiB|yaiQ	protein-coding
b2845	yqeG	ECK2843	protein-coding
b0987	gfcA	ECK0978|ymcD	protein-coding
b0365	tauA	ECK0362|ssiA|yaiR	protein-coding
b0388	aroL	ECK0383	protein-coding
b2779	eno	ECK2773	protein-coding
b0387	yaiI	ECK0382	protein-coding
b0386	proC	ECK0381|Pro2|pro(3)|pro3	protein-coding
b0322	yahH	ECK0320	protein-coding
b0372	insF2	ECK0299|tra5-1	protein-coding
b0385	dgcC	ECK0380|adrA|yaiC	protein-coding
b0378	yaiW	ECK0373	protein-coding
b0056	yabP	ECK0057|b4659	protein-coding
b0384	psiF	ECK0379	protein-coding
b0383	phoA	ECK0378|psiA	protein-coding
b0401	brnQ	ECK0395|hrbA	protein-coding
b0389	yaiA	ECK0384	protein-coding
b0400	phoR	ECK0394|R1pho|nmpB|phoR1	protein-coding
b0390	aroM	ECK0385	protein-coding
b0399	phoB	ECK0393|phoRc|phoT	protein-coding
b0348	mhpB	ECK0345	protein-coding
b0391	ppnP	ECK0386|yaiE	protein-coding
b0398	sbcD	ECK0392|yajA	protein-coding
b0402	proY	ECK0396|yajM	protein-coding
b0410	yajD	ECK0404	protein-coding
b2940	yqgC	ECK2935	protein-coding
b2621	ssrA	ECK2617|sipB	other
b0416	nusB	ECK0410|groNB|ssaD|ssyB	protein-coding
b2313	cvpA	ECK2307|dedE	protein-coding
b4342	yjiT	ECK4333	protein-coding
b2746	ispF	ECK2741|ygbB	protein-coding
b0427	yajR	ECK0421	protein-coding
b2534	yfhR	ECK2531	protein-coding
b0420	dxs	ECK0414|yajP	protein-coding
b1908	yecA	ECK1907	protein-coding
b2638	yfjU	ECK2634	protein-coding
b0426	yajQ	ECK0420	protein-coding
b0421	ispA	ECK0415	protein-coding
b0425	panE	ECK0419|apbA	protein-coding
b0424	yajL	ECK0418|thiJ	protein-coding
b0423	thiI	ECK0417|nuvA|yajK	protein-coding
b0755	gpmA	ECK0744|gpm	protein-coding
b0422	xseB	ECK0416|yajE	protein-coding
b0453	ybaY	ECK0447	protein-coding
b0467	priC	ECK0461	protein-coding
b1301	puuB	ECK1296|ordL|ycjA	protein-coding
b0428	cyoE	ECK0422	protein-coding
b0452	tesB	ECK0446	protein-coding
b1013	rutR	ECK1004|ycdC	protein-coding
b0072	leuC	ECK0074	protein-coding
b0240	crl	ECK0241	pseudo
b2618	yfjF	ECK2614|ratB	protein-coding
b0314	betT	ECK0312	protein-coding
b0432	cyoA	ECK0426	protein-coding
b0436	tig	ECK0430	protein-coding
b0437	clpP	ECK0431|lopP	protein-coding
b0438	clpX	ECK0432|lopC	protein-coding
b0451	amtB	ECK0445|ybaG	protein-coding
b0439	lon	ECK0433|capR|deg|dir|lopA|muc	protein-coding
b3037	ygiB	ECK3028	protein-coding
b0450	glnK	ECK0444|ybaI	protein-coding
b0449	mdlB	ECK0443|mdl	protein-coding
b0446	cof	ECK0440	protein-coding
b1167	ymgC	ECK1154	protein-coding
b0447	decR	ECK0441|cyuR|ybaO	protein-coding
b0448	mdlA	ECK0442|mdl	protein-coding
b2682	ygaZ	ECK2676	protein-coding
b0454	ybaZ	ECK0448|atl	protein-coding
b1696	ydiP	ECK1694	protein-coding
b0459	maa	ECK0453|ylaD	protein-coding
b0474	adk	ECK0468|dnaW|plsA	protein-coding
b0460	hha	ECK0454	protein-coding
b0473	htpG	ECK0467	protein-coding
b0472	recR	ECK0466	protein-coding
b0812	dps	ECK0801|pexB|vtm	protein-coding
b0890	ftsK	ECK0881|dinH	protein-coding
b1597	asr	ECK1592	protein-coding
b0471	ybaB	ECK0465	protein-coding
b0470	dnaX	ECK0464|dnaZ	protein-coding
b0461	tomB	ECK0455|ybaJ	protein-coding
b3796	argX	ECK3789	tRNA
b0462	acrB	ECK0456|acrE	protein-coding
b1263	trpD	ECK1257|trpGD	protein-coding
b0717	ybgP	ECK0706	protein-coding
b2683	ygaH	ECK2677	protein-coding
b0463	acrA	ECK0457|Mb|lir|mbl|mtcA|nbsA|sipB	protein-coding
b0469	apt	ECK0463	protein-coding
b0499	ylbH	ECK0493|rhsH	pseudo
b0498	ybbC	ECK0492	protein-coding
b0497	rhsD	ECK0491	protein-coding
b1604	ydgH	ECK1599	protein-coding
b0496	ybbP	ECK0490	protein-coding
b0479	fsr	ECK0473	protein-coding
b2767	ygcO	ECK2762	protein-coding
b1459	yncI	ECK1452|ECK1453|b1458|yncM	pseudo
b0495	ybbA	ECK0489	protein-coding
b2765	queD	ECK2760|sscR|ygcM	protein-coding
b0482	ybaP	ECK0476	protein-coding
b2934	cmtB	ECK2929|tolM	protein-coding
b0488	ybbJ	ECK0482	protein-coding
b0494	tesA	ECK0488|apeA|pldC	protein-coding
b1256	ompW	ECK1250|yciD	protein-coding
b0514	glxK	ECK0507|glxB5|ybbZ	protein-coding
b2259	pmrD	ECK2253	protein-coding
b0513	ybbY	ECK0506|glxB4	protein-coding
b0465	mscK	ECK0459|aefA|kefA	protein-coding
b0501	ybbD	ECK0494|b0500	pseudo
b0512	allB	ECK0505|glxB3|ybbX	protein-coding
b1610	tus	ECK1605|tau	protein-coding
b2276	nuoN	ECK2270	protein-coding
b0491	fetB	ECK0485|ybbM	protein-coding
b0511	allW	ECK0504|allP|glxB2|ybbW	protein-coding
b0504	allS	ECK0497|glxA1|ybbS	protein-coding
b1726	yniB	ECK1724	protein-coding
b0505	allA	ECK0498|glxA2|ybbT	protein-coding
b2104	thiM	ECK2097	protein-coding
b1855	lpxM	ECK1856|mlt|msbB|waaN	protein-coding
b0466	ybaM	ECK0460	protein-coding
b0509	glxR	ECK0502|glxB1|ybbQ	protein-coding
b0549	ybcO	ECK0540	protein-coding
b2868	xdhC	ECK2864|ygeU	protein-coding
b0515	allE	ECK0508|glxB6|ughY|ylbA	protein-coding
b0516	allC	ECK0509|glxB7|ylbB	protein-coding
b0548	ninE	ECK0539	protein-coding
b1716	rplT	ECK1714|pdzA	protein-coding
b0522	purK	ECK0515|purE2	protein-coding
b2039	rfbA	ECK2033|rmlA|som	protein-coding
b0527	ybcI	ECK0520	protein-coding
b1607	ydgC	ECK1602	protein-coding
b0528	ybcJ	ECK0521	protein-coding
b1605	ydgI	ECK1600|arcD	protein-coding
b0532	sfmD	ECK0525	protein-coding
b0536	argU	ECK0529|dnaY|pin	tRNA
b0547	ybcN	ECK0538	protein-coding
b0546	ybcM	ECK0537	protein-coding
b0879	macB	ECK0870|ybjZ	protein-coding
b0545	ybcL	ECK0536	protein-coding
b0544	ybcK	ECK0535	protein-coding
b2912	fau	ECK2907|ygfA	protein-coding
b2506	yfgI	ECK2502	protein-coding
b0562	ybcY	ECK0554	pseudo
b0561	tfaD	ECK0553|ybcX	protein-coding
b0560	nohD	ECK0552|nohB	protein-coding
b2936	loiP	ECK2931|yggG	protein-coding
b0550	rusA	ECK0541|rus|ybcP	protein-coding
b0559	ybcW	ECK0551	protein-coding
b0706	ybfD	ECK0695	protein-coding
b0551	quuD	ECK0543|ybcQ	protein-coding
b0558	ybcV	ECK0550	protein-coding
b2035	wbbH	ECK2029|rfc|yefF	protein-coding
b0587	fepE	ECK0580	protein-coding
b0585	fes	ECK0577	protein-coding
b2994	hybC	ECK2988	protein-coding
b0563	tfaX	ECK0555|ylcE	protein-coding
b0586	entF	ECK0579	protein-coding
b0565	ompT	ECK0557	protein-coding
b0567	ybcH	ECK0559	protein-coding
b2207	napD	ECK2199|yojF	protein-coding
b0573	cusF	ECK0565|cusX|ylcC	protein-coding
b0574	cusB	ECK0566|ylcD	protein-coding
b3185	rpmA	ECK3174|rpz	protein-coding
b0575	cusA	ECK0567|ybdE	protein-coding
b1929	yedE	ECK1928	protein-coding
b0584	fepA	ECK0576|cbr|cbt|fep|feuB	protein-coding
b0583	entD	ECK0575	protein-coding
b0520	ylbF	ECK0513	protein-coding
b2524	iscX	ECK2521|yfhJ	protein-coding
b0347	mhpA	ECK0344	protein-coding
b0004	thrC	ECK0004	protein-coding
b0576	pheP	ECK0568	protein-coding
b0582	insL2	ECK0016|yi81-2	protein-coding
b0588	fepC	ECK0581	protein-coding
b0361	insD1	ECK0358|yi22-1	protein-coding
b1068	yceM	ECK1053|mviM	protein-coding
b0602	ybdN	ECK0596	protein-coding
b0601	ybdM	ECK0595	protein-coding
b1372	stfR	ECK1367|ynaB	protein-coding
b1659	punR	ECK1655|ydhB	protein-coding
b0589	fepG	ECK0582	protein-coding
b1655	mepH	ECK1651|ydhO	protein-coding
b0600	ybdL	ECK0594	protein-coding
b0599	hcxA	ECK0593|ybdH	protein-coding
b0598	cstA	ECK0591|ybdC	protein-coding
b0590	fepD	ECK0583	protein-coding
b0597	entH	ECK0590|ybdB	protein-coding
b0603	citR	ECK0597|ybdO	protein-coding
b0630	lipB	ECK0623|cde|lip	protein-coding
b0650	hscC	ECK0643|ybeW	protein-coding
b0629	ybeF	ECK0622	protein-coding
b0631	ybeD	ECK0624	protein-coding
b0529	folD	ECK0522|ads	protein-coding
b0632	dacA	ECK0625|pfv	protein-coding
b0379	yaiY	ECK0374	protein-coding
b0604	dsbG	ECK0598|ybdP	protein-coding
b0605	ahpC	ECK0599|ssi8|tpx	protein-coding
b1658	purR	ECK1654	protein-coding
b0628	lipA	ECK0621|lip	protein-coding
b0627	tatE	ECK0620|ybeC	protein-coding
b0607	uspG	ECK0601|UP12|ybdQ|yzzU	protein-coding
b0615	citF	ECK0608|ybdV	protein-coding
b0618	citC	ECK0611|ybeO	protein-coding
b0619	dpiB	ECK0612|citA|mpdB|ybeP	protein-coding
b2036	glf	ECK2030|yefE	protein-coding
b0982	etp	ECK0973|yccY	protein-coding
b0637	rsfS	ECK0630|rsfA|ybeB	protein-coding
b0634	mrdB	ECK0627|rodA	protein-coding
b0636	rlmH	ECK0629|ybeA	protein-coding
b0635	mrdA	ECK0628|pbpA	protein-coding
b0633	rlpA	ECK0626	protein-coding
b2649	ypjB	ECK2646	protein-coding
b0647	ybeT	ECK0640	protein-coding
b0648	ybeU	ECK0641	protein-coding
b0646	djlB	ECK0639|ybeS	protein-coding
b0638	cobC	ECK0631|phpB	protein-coding
b2778	ygcG	ECK2772	protein-coding
b0639	nadD	ECK0632|fusB|ybeN	protein-coding
b0645	ybeR	ECK0638	protein-coding
b0151	fhuC	ECK0150	protein-coding
b0644	ybeQ	ECK0637	protein-coding
b0643	ybeL	ECK0636	protein-coding
b0649	djlC	ECK0642|hsc56|hscD|ybeV	protein-coding
b0652	gltL	ECK0645	protein-coding
b0665	glnV	ECK0656|Su2|glnValpha|suII|supE	tRNA
b2933	cmtA	ECK2928	protein-coding
b0664	glnX	ECK0655|glnV-beta|glnVbeta|supE	tRNA
b2913	serA	ECK2909	protein-coding
b0661	miaB	ECK0653|yleA	protein-coding
b0662	ubiF	ECK0654|yleB	protein-coding
b0666	metU	ECK0657|metT-beta|metTbeta	tRNA
b2846	yqeH	ECK2844	protein-coding
b0672	leuW	ECK0660|feeB	tRNA
b1396	paaI	ECK1393|ydbV	protein-coding
b1292	sapC	ECK1287	protein-coding
b1588	ynfF	ECK1583	protein-coding
b0670	glnU	ECK0659|glnUalpha|supB|trnA	tRNA
b0688	pgm	ECK0676|blu	protein-coding
b0687	seqA	ECK0675|hsm-1	protein-coding
b1990	ldtA	ECK1985|erfK|yeeG|yzzT	protein-coding
b0689	ybfP	ECK0677	protein-coding
b2254	arnC	ECK2247|pmrF|yfbF	protein-coding
b2041	rfbB	ECK2035|rmlB|som	protein-coding
b0316	yahB	ECK0314	protein-coding
b2531	iscR	ECK2528|yfhP	protein-coding
b0673	metT	ECK0661|metTalpha	tRNA
b0674	asnB	ECK0662	protein-coding
b2684	mprA	ECK2678|emrR	protein-coding
b0675	umpH	ECK0663|nagD	protein-coding
b0596	entA	ECK0589	protein-coding
b0676	nagC	ECK0664|nagR	protein-coding
b0691	ybfG	ECK0678|ECK0679|b0690|ybfH	pseudo
b0686	ybfF	ECK0674	protein-coding
b0677	nagA	ECK0665	protein-coding
b0678	nagB	ECK0666|glmD	protein-coding
b0685	ybfE	ECK0673	protein-coding
b0679	nagE	ECK0667|pstN|ptsN	protein-coding
b0684	fldA	ECK0672	protein-coding
b0061	araD	ECK0062	protein-coding
b0683	fur	ECK0671	protein-coding
b0681	chiP	ECK0669|ybfM	protein-coding
b0693	speF	ECK0681	protein-coding
b2485	hyfE	ECK2481	protein-coding
b4508	peaD	ECK0532|ybcD	pseudo
b0724	sdhB	ECK0713|dhsB	protein-coding
b3072	aer	ECK3062|air|yqjJ	protein-coding
b0694	kdpE	ECK0682	protein-coding
b0726	sucA	ECK0714|lys+met	protein-coding
b0968	yccX	ECK0959	protein-coding
b1739	osmE	ECK1737|anr	protein-coding
b0700	rhsC	ECK0689	protein-coding
b0727	sucB	ECK0715	protein-coding
b0363	yaiP	ECK0360	protein-coding
b2309	hisJ	ECK2303	protein-coding
b0680	glnS	ECK0668	protein-coding
b0711	pxpB	ECK0700|ybgJ	protein-coding
b0728	sucC	ECK0716	protein-coding
b0381	ddlA	ECK0376	protein-coding
b0729	sucD	ECK0717	protein-coding
b0721	sdhC	ECK0710|cybA|cybL|dhsC	protein-coding
b0712	pxpC	ECK0701|ybgK	protein-coding
b0713	pxpA	ECK0702|ybgL	protein-coding
b2181	yejG	ECK2175	protein-coding
b0714	nei	ECK0703	protein-coding
b0715	abrB	ECK0704|ybgN	protein-coding
b0722	sdhD	ECK0711|cybS|dhsD	protein-coding
b0720	gltA	ECK0709|gluT|icdB	protein-coding
b4262	lptG	ECK4255|yjgQ	protein-coding
b0719	ybgD	ECK0708	protein-coding
b0735	ybgE	ECK0724	protein-coding
b2723	hycC	ECK2718|hevC	protein-coding
b0738	tolR	ECK0727	protein-coding
b1137	ymfD	ECK1123	protein-coding
b0286	paoA	ECK0285|yagT	protein-coding
b0744	valT	ECK0733|valTa|valTalpha	tRNA
b0487	cueR	ECK0481|copR|ybbI	protein-coding
b0506	allR	ECK0499|glxA3|ybbU	protein-coding
b2256	arnD	ECK2249|pmrJ|yfbH	protein-coding
b1290	sapF	ECK1285	protein-coding
b0743	lysT	ECK0732|Su[beta]|lysTalpha|sua|supG|supL	tRNA
b0493	ybbO	ECK0487	protein-coding
b0745	lysW	ECK0734|lysT-beta|lysTbeta|su	tRNA
b1738	chbB	ECK1736|celA	protein-coding
b1166	ariR	ECK1153|ymgB	protein-coding
b0733	cydA	ECK0721|cyd-1	protein-coding
b0747	lysY	ECK0736|lysTg|lysTgamma	tRNA
b1646	sodC	ECK1642	protein-coding
b2258	arnF	ECK2252|yfbJ	protein-coding
b0746	valZ	ECK0735|valTb|valTbeta	tRNA
b2541	hcaB	ECK2538|phdD|yfhX	protein-coding
b0734	cydB	ECK0722|cyd-2	protein-coding
b0752	zitB	ECK0741|ybgR	protein-coding
b0280	yagN	ECK0279	protein-coding
b0751	pnuC	ECK0740	protein-coding
b0750	nadA	ECK0739|nicA	protein-coding
b0748	lysZ	ECK0737	tRNA
b0749	lysQ	ECK0738	tRNA
b0759	galE	ECK0748|galD	protein-coding
b0731	mngA	ECK0719|frx|hrsA	protein-coding
b0753	ybgS	ECK0742	protein-coding
b0758	galT	ECK0747|galB	protein-coding
b0757	galK	ECK0746|galA	protein-coding
b0732	mngB	ECK0720|ybgG	protein-coding
b0815	opgE	ECK0804|ybiP	protein-coding
b0764	modB	ECK0753|chlJ|tslJ	protein-coding
b0765	modC	ECK0754|chlD|narD	protein-coding
b0486	ybaT	ECK0480	protein-coding
b0763	modA	ECK0752	protein-coding
b0762	acrZ	ECK0751|ybhT	protein-coding
b0761	modE	ECK0750|chlD|modR	protein-coding
b0531	sfmC	ECK0524	protein-coding
b0760	modF	ECK0749|chlD|phrA	protein-coding
b3025	qseB	ECK3016|ygiX	protein-coding
b0775	bioB	ECK0764	protein-coding
b0730	mngR	ECK0718|farR|ybgB	protein-coding
b0766	ybhA	ECK0755	protein-coding
b0252	yafZ	ECK0254	protein-coding
b0407	yajC	ECK0401	protein-coding
b0769	ybhH	ECK0758	protein-coding
b0774	bioA	ECK0763	protein-coding
b0770	ybhI	ECK0759	protein-coding
b2183	rsuA	ECK2177|yejD	protein-coding
b0321	yahG	ECK0319	protein-coding
b0771	ybhJ	ECK0760	protein-coding
b0772	ybhC	ECK0761	protein-coding
b1713	pheT	ECK1711	protein-coding
b0773	ybhB	ECK0762	protein-coding
b0776	bioF	ECK0765	protein-coding
b0779	uvrB	ECK0768|dar-1|dar-6	protein-coding
b0778	bioD	ECK0767	protein-coding
b0777	bioC	ECK0766	protein-coding
b2942	metK	ECK2937|metX	protein-coding
b0780	ybhK	ECK0769	protein-coding
b1128	roxA	ECK1114|ycfD	protein-coding
b0781	moaA	ECK0770|bisA|chlA|chlA1|narA	protein-coding
b2826	ppdA	ECK2822	protein-coding
b0507	gcl	ECK0500	protein-coding
b0782	moaB	ECK0771|chlA2	protein-coding
b0783	moaC	ECK0772|chlA3	protein-coding
b0784	moaD	ECK0773|chlA4|chlM	protein-coding
b0785	moaE	ECK0774|chlA5	protein-coding
b3795	thrP	ECK3788|yifK	protein-coding
b0786	ybhL	ECK0775	protein-coding
b0723	sdhA	ECK0712|dhsA	protein-coding
b0792	ybhR	ECK0781	protein-coding
b2082	ogrK	ECK2079	protein-coding
b0791	ybhQ	ECK0780	protein-coding
b0616	citE	ECK0609|ybdW	protein-coding
b0533	sfmH	ECK0526	protein-coding
b0790	ybhP	ECK0779	protein-coding
b0789	clsB	ECK0778|ybhO	protein-coding
b0788	ybhN	ECK0777	protein-coding
b0793	ybhS	ECK0782	protein-coding
b0801	hcxB	ECK0790|ybiC	protein-coding
b0794	ybhF	ECK0783	protein-coding
b0795	ybhG	ECK0784	protein-coding
b0617	citD	ECK0610|ybdX	protein-coding
b2356	yfdM	ECK2350|yzyB	protein-coding
b0254	perR	ECK0256	protein-coding
b1516	lsrB	ECK1509|yneA	protein-coding
b2689	yqaA	ECK2684	protein-coding
b3006	exbB	ECK2999	protein-coding
b0796	cecR	ECK0785|ybiH	protein-coding
b0692	potE	ECK0680	protein-coding
b0392	ykiA	ECK0387	pseudo
b0800	ybiB	ECK0789	protein-coding
b0797	rhlE	ECK0786	protein-coding
b0798	ybiA	ECK0787	protein-coding
b2542	hcaD	ECK2539|hcaa4|phdA|yfhY	protein-coding
b2963	mltC	ECK2958|yggZ	protein-coding
b0740	tolB	ECK0729|lky|lkyA|tol-3	protein-coding
b2941	yqgD	ECK2936	protein-coding
b0799	dinG	ECK0788|rarB	protein-coding
b0822	ybiV	ECK0812	protein-coding
b0802	ybiJ	ECK0791	protein-coding
b0803	ybiI	ECK0792	protein-coding
b0809	glnQ	ECK0798	protein-coding
b0817	mntR	ECK0807|ybiQ	protein-coding
b0818	ybiR	ECK0808	protein-coding
b0821	ybiU	ECK0811	protein-coding
b0820	ybiT	ECK0810	protein-coding
b0819	ldtB	ECK0809|ybiS	protein-coding
b1892	flhD	ECK1893|flbB	protein-coding
b0654	gltJ	ECK0647	protein-coding
b0823	ybiW	ECK0813|pflF	protein-coding
b0824	ybiY	ECK0814|pflE	protein-coding
b1302	puuE	ECK1297|goaG	protein-coding
b0843	ybjH	ECK0833	protein-coding
b0842	mdfA	ECK0832|cmlA|cmr	protein-coding
b0825	fsaA	ECK0815|fsa|mipB|ybiZ	protein-coding
b0841	ybjG	ECK0831	protein-coding
b2315	folC	ECK2309|dedC	protein-coding
b0826	moeB	ECK0816|chlN	protein-coding
b0840	deoR	ECK0830|nucR	protein-coding
b0827	moeA	ECK0817|bisB|chlE|narE	protein-coding
b0839	dacC	ECK0829	protein-coding
b0828	iaaA	ECK0818|spt|ybiK	protein-coding
b0829	gsiA	ECK0819|yliA	protein-coding
b2140	dusC	ECK2133|yohI	protein-coding
b0830	gsiB	ECK0820|yliB	protein-coding
b0831	gsiC	ECK0821|yliC	protein-coding
b0832	gsiD	ECK0822|yliD	protein-coding
b0833	pdeI	ECK0823|yliE	protein-coding
b0834	dgcI	ECK0824|yliF	protein-coding
b2470	acrD	ECK2465|yffA	protein-coding
b0835	rimO	ECK0825|yliG	protein-coding
b0836	bssR	ECK0826|yliH	protein-coding
b0837	yliI	ECK0827	protein-coding
b3226	nanR	ECK3215|yhcK	protein-coding
b0838	gstB	ECK0828|yliJ	protein-coding
b0844	ybjI	ECK0834	protein-coding
b0845	ybjJ	ECK0835	protein-coding
b1712	ihfA	ECK1710|hid|himA	protein-coding
b0846	rcdA	ECK0836|ybjK	protein-coding
b0847	ybjL	ECK0838	protein-coding
b0856	potH	ECK0847	protein-coding
b0855	potG	ECK0846	protein-coding
b0848	ybjM	ECK0839	protein-coding
b2249	yfaY	ECK2242	protein-coding
b0849	grxA	ECK0840|grx	protein-coding
b0854	potF	ECK0845	protein-coding
b0850	ybjC	ECK0841	protein-coding
b0853	ybjN	ECK0844	protein-coding
b0851	nfsA	ECK0842|mda18|mdaA|ybjB	protein-coding
b0852	rimK	ECK0843|nek	protein-coding
b0857	potI	ECK0848	protein-coding
b2348	argW	ECK2342	tRNA
b1069	murJ	ECK1054|mviN|yceN	protein-coding
b0858	ybjO	ECK0849	protein-coding
b0864	artP	ECK0855	protein-coding
b0885	aat	ECK0876|ycaA	protein-coding
b0865	ybjP	ECK0856	protein-coding
b1112	bhsA	ECK1098|comC|ycfR	protein-coding
b0866	ybjQ	ECK0857	protein-coding
b0867	amiD	ECK0858|ybjR	protein-coding
b0868	ybjS	ECK0859	protein-coding
b0869	ybjT	ECK0860	protein-coding
b0875	aqpZ	ECK0866|bniP	protein-coding
b0876	ybjD	ECK0867	protein-coding
b1306	pspC	ECK1301	protein-coding
b0884	infA	ECK0875|bypA1	protein-coding
b0883	serW	ECK0874	tRNA
b0896	dmsC	ECK0887	protein-coding
b0651	rihA	ECK0644|ybeK	protein-coding
b0886	cydC	ECK0877|mdrA|mdrH|surB|ycaB	protein-coding
b0892	rarA	ECK0883|mgsA|ycaJ	protein-coding
b0893	serS	ECK0884	protein-coding
b0895	dmsB	ECK0886	protein-coding
b0894	dmsA	ECK0885	protein-coding
b0905	ycaO	ECK0896	protein-coding
b1594	mlc	ECK1589|dgsA	protein-coding
b0593	entC	ECK0586|fepF	protein-coding
b0897	ycaC	ECK0888	protein-coding
b0904	focA	ECK0895|ycaE	protein-coding
b0903	pflB	ECK0894|pfl	protein-coding
b0898	ycaD	ECK0889	protein-coding
b0464	acrR	ECK0458|ybaH	protein-coding
b0902	pflA	ECK0893|act	protein-coding
b0899	ycaM	ECK0890	protein-coding
b1262	trpC	ECK1256|trpCF|trpF	protein-coding
b0901	ycaK	ECK0892	protein-coding
b0434	yajG	ECK0428	protein-coding
b0530	sfmA	ECK0523	protein-coding
b0900	ycaN	ECK0891	protein-coding
b0916	ycaQ	ECK0907|alkZ	protein-coding
b0906	ycaP	ECK0897	protein-coding
b0915	lpxK	ECK0906|ycaH	protein-coding
b0907	serC	ECK0898|pdxC|pdxF	protein-coding
b0908	aroA	ECK0899	protein-coding
b2184	radD	ECK2178|yejH|yejI|yejJ	protein-coding
b0914	msbA	ECK0905	protein-coding
b0913	ycaI	ECK0904	protein-coding
b1488	ddpX	ECK1482|vanX|yddT	protein-coding
b0912	ihfB	ECK0903|himD|hip	protein-coding
b0909	ycaL	ECK0900	protein-coding
b0910	cmk	ECK0901|mssA|ycaF|ycaG	protein-coding
b0911	rpsA	ECK0902|ssyF	protein-coding
b0917	ycaR	ECK0908	protein-coding
b0926	mepK	ECK0917|ycbK	protein-coding
b0918	kdsB	ECK0909	protein-coding
b2278	nuoL	ECK2272	protein-coding
b0925	ldtD	ECK0916|ycbB	protein-coding
b1521	uxaB	ECK1514	protein-coding
b2102	yegX	ECK2095	protein-coding
b2205	napG	ECK2197|yojA|yojB	protein-coding
b0919	ycbJ	ECK0910	protein-coding
b0920	elyC	ECK0911|ycbC	protein-coding
b0921	cmoM	ECK0912|smtA|ycbD	protein-coding
b0922	mukF	ECK0913|kicB	protein-coding
b0924	mukB	ECK0915	protein-coding
b0923	mukE	ECK0914|kicA|ycbA	protein-coding
b0927	gloC	ECK0918|ycbL	protein-coding
b0946	zapC	ECK0937|ycbW	protein-coding
b0928	aspC	ECK0919	protein-coding
b0929	ompF	ECK0920|cmlB|cry|nfxB|tolF	protein-coding
b0930	asnS	ECK0921|lcs|tss	protein-coding
b0945	pyrD	ECK0936	protein-coding
b0935	ssuD	ECK0926|ssi6|ycbN	protein-coding
b0468	ybaN	ECK0462	protein-coding
b0944	ycbF	ECK0935	protein-coding
b0936	ssuA	ECK0927|ycbO	protein-coding
b0942	ycbU	ECK0933	protein-coding
b0943	ycbV	ECK0934	protein-coding
b0947	ycbX	ECK0938	protein-coding
b0948	rlmL	ECK0939|rlmK|rlmKL|ycbY	protein-coding
b2359	yfdP	ECK2353	protein-coding
b0949	uup	ECK0940|ycbH|ycbI	protein-coding
b0953	rmf	ECK0944|res|rimF	protein-coding
b0954	fabA	ECK0945	protein-coding
b0955	ycbZ	ECK0946	protein-coding
b0956	matP	ECK0947|ycbG	protein-coding
b0957	ompA	ECK0948|con|tolG|tut	protein-coding
b0977	hyaF	ECK0968	protein-coding
b0976	hyaE	ECK0967	protein-coding
b0963	mgsA	ECK0954|mgs|yccG	protein-coding
b0975	hyaD	ECK0966	protein-coding
b2917	scpA	ECK2913|sbm|yliK	protein-coding
b0964	csgI	ECK0955|yccT	protein-coding
b0966	hspQ	ECK0957|yccV	protein-coding
b0972	hyaA	ECK0963	protein-coding
b0973	hyaB	ECK0964	protein-coding
b0974	hyaC	ECK0965|cybH	protein-coding
b2346	mlaA	ECK2340|vacJ	protein-coding
b2617	bamE	ECK2613|smpA|smqA	protein-coding
b1027	insE4	ECK0298	protein-coding
b0978	appC	ECK0969|cbdA|cyxA	protein-coding
b0983	gfcE	ECK0974|yccZ	protein-coding
b1026	insF4	ECK0299|tra5-3	protein-coding
b0984	gfcD	ECK0975|ymcA	protein-coding
b1028	ymdE	ECK1016	pseudo
b0989	cspH	ECK0979|cspK	protein-coding
b0990	cspG	ECK0980	protein-coding
b1029	ycdU	ECK1017	protein-coding
b1025	dgcT	ECK1015|ycdT	protein-coding
b0961	yccF	ECK0952	protein-coding
b0993	torS	ECK0984|yccI	protein-coding
b1024	pgaA	ECK1014|hmsH|ycdS	protein-coding
b0999	cbpM	ECK0990|yccD	protein-coding
b4518	ymdF	ECK0996	protein-coding
b1010	rutC	ECK1001|ycdK	protein-coding
b1014	putA	ECK1005|poaA|putC	protein-coding
b1055	trhO	ECK1040|yceA	protein-coding
b1015	putP	ECK1006|putC	protein-coding
b1018	efeO	ECK1008|ycdO	protein-coding
b1023	pgaB	ECK1013|hmsF|ycdR	protein-coding
b0754	aroG	ECK0743	protein-coding
b1022	pgaC	ECK1012|hmsR|ycdQ	protein-coding
b1670	ydhU	ECK1666	protein-coding
b1035	ycdY	ECK1021	protein-coding
b2518	ndk	ECK2514	protein-coding
b1051	msyB	ECK1037	protein-coding
b1050	yceK	ECK1036	protein-coding
b2619	ratA	ECK2615|yfjG	protein-coding
b0431	cyoB	ECK0425	protein-coding
b0305	rclR	ECK0304|ykgD	protein-coding
b1036	ycdZ	ECK1022|nupT	protein-coding
b2185	rplY	ECK2179	protein-coding
b1037	csgG	ECK1023	protein-coding
b0414	ribD	ECK0408|nusII|ribG|ybaE	protein-coding
b0810	glnP	ECK0799	protein-coding
b1038	csgF	ECK1024	protein-coding
b1043	csgC	ECK1029|ycdE	protein-coding
b1049	opgH	ECK1035|mdoA|mdoH	protein-coding
b0998	torD	ECK0989	protein-coding
b1695	ydiO	ECK1693	protein-coding
b1053	mdtG	ECK1038|yceE	protein-coding
b1057	yceJ	ECK1042	protein-coding
b1058	yceO	ECK1043	protein-coding
b0101	yacG	ECK0101	protein-coding
b1087	yceF	ECK1072	protein-coding
b1727	hxpB	ECK1725|yniC	protein-coding
b1067	yceH	ECK1052	protein-coding
b1070	flgN	ECK1055	protein-coding
b1307	pspD	ECK1302	protein-coding
b1076	flgE	ECK1061|flaK	protein-coding
b1086	rluC	ECK1071|yceC	protein-coding
b1589	ynfG	ECK1584	protein-coding
b1077	flgF	ECK1062|flaX	protein-coding
b1085	yceQ	ECK1070	protein-coding
b1084	rne	ECK1069|ams|hmp1|smbB	protein-coding
b0071	leuD	ECK0073	protein-coding
b1012	rutA	ECK1003|ycdM	protein-coding
b1728	ydjM	ECK1726	protein-coding
b1093	fabG	ECK1079	protein-coding
b1083	flgL	ECK1068|flaT	protein-coding
b1078	flgG	ECK1063|flaL	protein-coding
b1082	flgK	ECK1067|flaS	protein-coding
b1102	fhuE	ECK1088	protein-coding
b1088	yceD	ECK1074	protein-coding
b1101	ptsG	CR|ECK1087|car|cat|catB2|glcA|gptA|tgl|umg|umgC	protein-coding
b1308	pspE	ECK1303	protein-coding
b0951	pqiB	ECK0942|pqi5|pqi5B	protein-coding
b4384	deoD	ECK4376|pup	protein-coding
b1193	emtA	ECK1181|mltE|sltZ|ycgP	protein-coding
b1100	ycfH	ECK1086	protein-coding
b1089	rpmF	ECK1075	protein-coding
b0303	rclB	ECK0302|ykgI	protein-coding
b1309	ycjM	ECK1304|ggaP	protein-coding
b1097	mltG	ECK1083|yceG	protein-coding
b1099	holB	ECK1085	protein-coding
b1909	leuZ	ECK1908	tRNA
b1098	tmk	ECK1084|ycfG	protein-coding
b1119	nagK	ECK1105|ycfX	protein-coding
b1118	lolE	ECK1104|ycfW	protein-coding
b1113	ldtC	ECK1099|ycfS	protein-coding
b3403	pck	ECK3390|pckA	protein-coding
b2636	yfjS	ECK2632	protein-coding
b0880	cspD	ECK0871|cspH|ybjA	protein-coding
b1117	lolD	ECK1103|ycfV	protein-coding
b1107	nagZ	ECK1093|ycfO	protein-coding
b1415	aldA	ECK1408|ald	protein-coding
b1116	lolC	ECK1102|ycfU	protein-coding
b0342	lacA	ECK0339	protein-coding
b1792	yeaO	ECK1790	protein-coding
b1108	ycfP	ECK1094	protein-coding
b0287	yagU	ECK0286	protein-coding
b1073	flgB	ECK1058|flbA	protein-coding
b1115	ycfT	ECK1101	protein-coding
b1513	lsrA	ECK1506|ego|ydeX	protein-coding
b1114	mfd	ECK1100	protein-coding
b1123	potD	ECK1109	protein-coding
b1303	pspF	ECK1298|ycjB	protein-coding
b1122	ymfA	ECK1108	protein-coding
b1121	ycfZ	ECK1107	protein-coding
b0131	panD	ECK0130	protein-coding
b1120	cobB	ECK1106|ycfY	protein-coding
b1698	ydiR	ECK1696	protein-coding
b1134	nudJ	ECK1120|ymfB	protein-coding
b1133	mnmA	ECK1119|asuE|trmU|ycfB	protein-coding
b1124	potC	ECK1110	protein-coding
b1125	potB	ECK1111	protein-coding
b1132	hflD	ECK1118|hslZ|ycfC	protein-coding
b0211	mltD	ECK0211|dniR|yafG	protein-coding
b1131	purB	ECK1117|ade|ade(h)	protein-coding
b1310	ycjN	ECK1305	protein-coding
b1130	phoP	ECK1116	protein-coding
b1151	beeE	ECK1137|ymfO	protein-coding
b1011	rutB	ECK1002|ycdL	protein-coding
b1150	ymfR	ECK1136	protein-coding
b1135	rluE	ECK1121|ymfC	protein-coding
b1136	icd	ECK1122|icdA|icdE	protein-coding
b1152	jayE	ECK1138|ymfP	pseudo
b1141	xisE	ECK1127|ymfG	protein-coding
b1142	ymfH	ECK1128	protein-coding
b1153	ymfQ	ECK1139	protein-coding
b1149	ymfN	ECK1135	protein-coding
b2505	yfgH	ECK2501	protein-coding
b0285	paoB	ECK0284|yagS	protein-coding
b1039	csgE	ECK1025	protein-coding
b1143	ymfI	ECK1129	protein-coding
b0682	chiQ	ECK0670|ybfN	protein-coding
b1032	serX	ECK1018	tRNA
b1148	ymfM	ECK1134|sfiC	protein-coding
b0311	betA	ECK0309	protein-coding
b1147	ymfL	ECK1133	protein-coding
b1144	ymfJ	ECK1130	protein-coding
b1145	ymfK	ECK1131|cohE	protein-coding
b1146	ymfT	ECK1132|croE	protein-coding
b1158	pinE	ECK1144|pin	protein-coding
b1157	stfE	ECK1143|ycfE	pseudo
b1156	tfaE	ECK1142|ycfA	protein-coding
b1155	tfaP	ECK1141|ymfS	protein-coding
b1234	rssA	ECK1229|ychK	protein-coding
b1154	ycfK	ECK1140|stfP	protein-coding
b1159	mcrA	ECK1145|rglA	protein-coding
b1172	ymgG	ECK1159	protein-coding
b1160	iraM	ECK1147|elb1|elbA|ycgW	protein-coding
b1236	galU	ECK1231|ychD	protein-coding
b1461	pptA	ECK1455|ydcE	protein-coding
b1171	ymgD	ECK1158	protein-coding
b1161	ycgX	ECK1148	protein-coding
b1162	bluR	ECK1149|ycgE	protein-coding
b1472	yddL	ECK1466	protein-coding
b1168	pdeG	ECK1155|ycgG	protein-coding
b1174	minE	ECK1162|minB	protein-coding
b1175	minD	ECK1163|minB	protein-coding
b1338	abgA	ECK1334|ydaJ	protein-coding
b1201	dhaR	ECK1189|ycgU	protein-coding
b1176	minC	ECK1164|minB	protein-coding
b1182	hlyE	ECK1170|clyA|hpr|sheA|ycgD	protein-coding
b1183	umuD	ECK1171	protein-coding
b1200	dhaK	ECK1188|dhaK1|ycgT	protein-coding
b1199	dhaL	ECK1187|dhaK2|ycgS|ysgS	protein-coding
b1198	dhaM	ECK1186|dhaH|ptsD|ycgC	protein-coding
b0668	glnW	ECK0658|glnU-beta|glnUbeta	tRNA
b1709	btuD	ECK1707	protein-coding
b1189	dadA	ECK1177|dadR	protein-coding
b1683	sufB	ECK1679|ynhE	protein-coding
b1190	dadX	ECK1178|alnA|alnB|dadB	protein-coding
b1191	cvrA	ECK1179|ycgO	protein-coding
b1192	ldcA	ECK1180|ycgQ	protein-coding
b1197	treA	ECK1185|osmA|tre	protein-coding
b1635	gstA	ECK1631|gst	protein-coding
b0540	insE3	ECK0298	protein-coding
b1195	ymgE	ECK1183|tag	protein-coding
b1196	ycgY	ECK1184	protein-coding
b1205	ychH	ECK1193	protein-coding
b1277	ribA	ECK1272	protein-coding
b0882	clpA	ECK0873|lopD	protein-coding
b1204	pth	ECK1192|rap	protein-coding
b1092	fabD	ECK1078|tfpA	protein-coding
b1202	ycgV	ECK1190	protein-coding
b1261	trpB	ECK1255	protein-coding
b1203	ychF	ECK1191|gtp1	protein-coding
b1206	dauA	ECK1194|ychM	protein-coding
b1275	cysB	ECK1269	protein-coding
b1207	prs	ECK1195|dnaR|prsA	protein-coding
b1002	agp	ECK0993	protein-coding
b1208	ispE	ECK1196|ipk|ychB	protein-coding
b1209	lolB	ECK1197|hemM|ychC	protein-coding
b2690	yqaB	ECK2685	protein-coding
b1210	hemA	ECK1198|gtrA	protein-coding
b0578	nfsB	ECK0570|dprA|nfnB|ntr	protein-coding
b1212	prmC	ECK1200|hemK	protein-coding
b1225	narH	ECK1219|chlC	protein-coding
b1213	ychQ	ECK1201|sirB2	protein-coding
b1224	narG	ECK1218|chlC|narC	protein-coding
b1223	narK	ECK1217	protein-coding
b1214	ychA	ECK1202|sirB1	protein-coding
b1215	kdsA	ECK1203	protein-coding
b1668	ydhS	ECK1664	protein-coding
b1062	pyrC	ECK1047	protein-coding
b1222	narX	ECK1216|frd1|frdR|narR	protein-coding
b4335	yjiM	ECK4326	protein-coding
b1216	chaA	ECK1210	protein-coding
b1912	pgsA	ECK1911	protein-coding
b1217	chaB	ECK1211	protein-coding
b1218	chaC	ECK1212	protein-coding
b1219	ychN	ECK1213	protein-coding
b1221	narL	ECK1215|frdR|narR	protein-coding
b2246	yfaV	ECK2239	protein-coding
b2823	ppdC	ECK2819|ygdA	protein-coding
b0624	crcB	ECK0617|ybeI	protein-coding
b1469	narU	ECK1463|yddF	protein-coding
b1894	insA5	ECK0023	protein-coding
b1220	ychO	ECK1214|ychP	protein-coding
b1246	oppD	ECK1240	protein-coding
b0002	thrA	ECK0002|Hs|thrA1|thrA2|thrD	protein-coding
b1181	ycgN	ECK1169	protein-coding
b3023	ygiV	ECK3014	protein-coding
b0106	hofC	ECK0105|hopC|yacD	protein-coding
b1226	narJ	ECK1220	protein-coding
b1227	narI	ECK1221|chlI	protein-coding
b1228	ychS	ECK1222	protein-coding
b1245	oppC	ECK1239	protein-coding
b1230	tyrV	ECK1225|tyrTbeta	tRNA
b0443	fadM	ECK0437|tesC|ybaW	protein-coding
b1075	flgD	ECK1060|flaV	protein-coding
b3021	mqsA	ECK3012|ygiT	protein-coding
b1489	dosP	ECK1483|dos|pdeO|yddU	protein-coding
b2946	rsmE	ECK2941|yggJ	protein-coding
b0108	ppdD	ECK0107	protein-coding
b1247	oppF	ECK1241	protein-coding
b1248	yciU	ECK1242	protein-coding
b1231	tyrT	ECK1226|Su-3|Su-4|su(c)|suIII|supC|supFsupO|tyrTalpha	tRNA
b1249	clsA	ECK1243|cls|nov|yciJ	protein-coding
b1590	ynfH	ECK1585	protein-coding
b1244	oppB	ECK1238	protein-coding
b0710	ybgI	ECK0699	protein-coding
b1530	marR	ECK1523|cfxB|inaR|soxQ	protein-coding
b2870	ygeW	ECK2866	protein-coding
b1232	purU	ECK1227|tgs|ychI	protein-coding
b1233	ychJ	ECK1228	protein-coding
b1237	hns	B1|ECK1232|H1|bglY|cur|drc|drdX|drs|fimG|hnsA|irk|msyA|osmZ|pilG|topS|topX|virR	protein-coding
b1243	oppA	ECK1237	protein-coding
b1339	abgR	ECK1335	protein-coding
b2271	yfbL	ECK2265	protein-coding
b1388	paaA	ECK1385|ydbO	protein-coding
b1238	tdk	ECK1233	protein-coding
b1490	dosC	ECK1484|dgcO|yddV	protein-coding
b1242	ychE	ECK1236	protein-coding
b1241	adhE	ECK1235|adhC|ana	protein-coding
b1271	yciK	ECK1265	protein-coding
b1270	btuR	ECK1264|cobA	protein-coding
b1269	rluB	ECK1263|yciL	protein-coding
b1250	kch	ECK1244	protein-coding
b2804	fucU	ECK2799	protein-coding
b1252	tonB	ECK1246|T1rec|exbA	protein-coding
b1255	yciC	ECK1249	protein-coding
b0278	yagL	ECK0277	protein-coding
b1264	trpE	ECK1258|anth|tryD|tryp-4	protein-coding
b0277	yagK	ECK0276	protein-coding
b1662	ribC	ECK1658|ribE	protein-coding
b0569	nfrB	ECK0561	protein-coding
b1268	yciQ	ECK1262|yciP	protein-coding
b1623	add	ECK1618	protein-coding
b1429	tehA	ECK1422	protein-coding
b1335	ogt	ECK1331	protein-coding
b1267	yciO	ECK1261	protein-coding
b1235	rssB	ECK1230|hnr|sprE|ychL	protein-coding
b1265	trpL	ECK1259|trpEE	protein-coding
b1266	rnm	ECK1260|trpH|yciV	protein-coding
b1272	sohB	ECK1266	protein-coding
b1287	yciW	ECK1282	protein-coding
b1273	yciN	ECK1267	protein-coding
b1542	ydfI	ECK1535	protein-coding
b1274	topA	ECK1268|supX	protein-coding
b1278	pgpB	ECK1273	protein-coding
b1286	rnb	ECK1281	protein-coding
b2465	tktB	ECK2460	protein-coding
b1283	osmB	ECK1278	protein-coding
b1893	insB5	ECK0022	protein-coding
b1285	pdeR	ECK1280|gmr|yciR	protein-coding
b1284	yciT	ECK1279|deoT	protein-coding
b1288	fabI	ECK1283|envM|gts|qmeA	protein-coding
b1289	ycjD	ECK1284	protein-coding
b1321	ycjX	ECK1317	protein-coding
b1294	sapA	ECK1289	protein-coding
b1295	ymjA	ECK1290	protein-coding
b1320	ycjW	ECK1316	protein-coding
b1444	patD	ECK1438|prr|ydcW	protein-coding
b1711	btuC	ECK1709	protein-coding
b1322	ycjF	ECK1318	protein-coding
b1323	tyrR	ECK1319	protein-coding
b1324	tpx	ECK1320|yzzJ	protein-coding
b2247	rhmD	ECK2240|yfaW	protein-coding
b1298	puuD	ECK1293|ycjL	protein-coding
b1663	mdtK	ECK1659|norE|norM|ydhE	protein-coding
b0442	ybaV	ECK0436|comEA	protein-coding
b1164	ycgZ	ECK1151	protein-coding
b1299	puuR	ECK1294|ycjC	protein-coding
b1304	pspA	ECK1299|cog	protein-coding
b1311	ycjO	ECK1306	protein-coding
b1319	ompG	ECK1315	protein-coding
b1318	ycjV	ECK1313	pseudo
b1317	ycjU	ECK1312|pgmB	protein-coding
b1312	ycjP	ECK1307	protein-coding
b1305	pspB	ECK1300	protein-coding
b2493	yfgO	ECK2489|perM	protein-coding
b1316	ycjT	ECK1311	protein-coding
b1331	insH4	ECK0261|trs5-4|yi52_4	protein-coding
b2969	yghE	ECK2964|ecfB	protein-coding
b1330	ynaI	ECK1327	protein-coding
b1356	racR	ECK1354|rarC|ydaR	protein-coding
b1332	ynaJ	ECK1328	protein-coding
b2997	hybO	ECK2991|yghV	protein-coding
b1443	ydcV	ECK1437	protein-coding
b1333	uspE	ECK1329|ydaA	protein-coding
b0288	ykgJ	ECK0287	protein-coding
b0308	ykgG	ECK0307	protein-coding
b1355	ydaG	ECK1353|gatA	protein-coding
b1334	fnr	ECK1330|nirA|nirR|ossA|oxrA	protein-coding
b1341	dgcM	ECK1338|ydaM	protein-coding
b1342	zntB	ECK1339|ydaN	protein-coding
b4527	ydaF	ECK1352	protein-coding
b1336	abgT	ECK1332|ydaH	protein-coding
b1353	sieB	ECK1351	protein-coding
b1348	ralR	ECK1345|lar|ydaB	protein-coding
b1710	btuE	ECK1708	protein-coding
b1446	ydcY	ECK1440	protein-coding
b1349	recT	ECK1346	protein-coding
b1350	recE	ECK1347|rac|rmuB|sbcA	protein-coding
b3013	yqhG	ECK3005|yqhF	protein-coding
b1351	racC	ECK1348|sbcA	protein-coding
b1352	kilR	ECK1350|kil|ydaD	protein-coding
b1499	ydeO	ECK1493	protein-coding
b1357	ydaS	ECK1355	protein-coding
b1358	ydaT	ECK1356	protein-coding
b1359	ydaU	ECK1357	protein-coding
b1360	ydaV	ECK1358	protein-coding
b1361	ydaW	ECK1359	protein-coding
b1362	rzpR	ECK1360|ydaX	pseudo
b0556	rzpD	ECK0547|ybcT	protein-coding
b1328	pgrR	ECK1325|ycjZ	protein-coding
b0334	prpD	ECK0331|acnC|yahT	protein-coding
b1363	trkG	ECK1362	protein-coding
b1385	feaB	ECK1382|padA|ydbG	protein-coding
b0808	ybiO	ECK0797	protein-coding
b1445	ortT	ECK1439|ydcX	protein-coding
b1622	malY	ECK1617	protein-coding
b0346	mhpR	ECK0343	protein-coding
b1386	tynA	ECK1383|feaA|maoA	protein-coding
b1395	paaH	ECK1392|hbdH|ydbU	protein-coding
b1384	feaR	ECK1381|maoB|maoX|ydbM	protein-coding
b1473	yddG	ECK1467	protein-coding
b1383	ydbL	ECK1380	protein-coding
b1370	insH5	ECK0261|trs5-5|yi52_5	protein-coding
b1496	yddA	ECK1490	protein-coding
b1382	ynbE	ECK1379	protein-coding
b0937	ssuE	ECK0928|ssi4|ycbP	protein-coding
b1376	uspF	ECK1371|UP03|ynaF|yzzL	protein-coding
b1381	ydbH	ECK1378	protein-coding
b1337	abgB	ECK1333|ydaI	protein-coding
b1329	mppA	ECK1326|ynaH	protein-coding
b1402	insD2	ECK0358|yi22-2	protein-coding
b1340	smrA	ECK1337|ydaL	protein-coding
b1387	paaZ	ECK1384|maoC|ydbN	protein-coding
b1470	yddJ	ECK1464	pseudo
b1390	paaC	ECK1387|ydbP	protein-coding
b1498	ydeN	ECK1492	protein-coding
b1391	paaD	ECK1388|ydbQ	protein-coding
b1669	ydhT	ECK1665	protein-coding
b1495	yddB	ECK1489	protein-coding
b1392	paaE	ECK1389|ydbR	protein-coding
b1398	paaK	ECK1395	protein-coding
b1765	ydjA	ECK1763	protein-coding
b1400	paaY	ECK1397|ydbZ	protein-coding
b1399	paaX	ECK1396|ydbY	protein-coding
b1403	insC2	ECK0357|yi21-2	protein-coding
b1404	insI2	ECK0258|tra8-2	protein-coding
b1326	mpaA	ECK1322|ycjI	protein-coding
b1410	ynbC	ECK1403	protein-coding
b1313	ycjQ	ECK1308	protein-coding
b1409	ynbB	ECK1402	protein-coding
b1408	ynbA	ECK1401	protein-coding
b1491	digH	ECK1485|yddW	protein-coding
b1442	ydcU	ECK1436	protein-coding
b1110	ycfJ	ECK1096	protein-coding
b0570	cusS	ECK0562|ybcZ	protein-coding
b1430	tehB	ECK1423	protein-coding
b1406	pdxI	ECK1399|ydbC	protein-coding
b1497	ydeM	ECK1491	protein-coding
b1737	chbC	ECK1735|celB|hic	protein-coding
b1407	ydbD	ECK1400	protein-coding
b2204	napH	ECK2196|yejZ	protein-coding
b1411	ynbD	ECK1404	protein-coding
b1419	ydcA	ECK1411	protein-coding
b1591	dmsD	ECK1586|ynfI	protein-coding
b1327	ycjY	ECK1324	protein-coding
b4532	hicA	ECK1431|yncN	protein-coding
b1436	yncJ	ECK1430	protein-coding
b1423	ydcJ	ECK1417	protein-coding
b1549	ydfO	ECK1543	protein-coding
b1435	rlhA	ECK1429|ydcP	protein-coding
b1424	opgD	ECK1418|mdoD|ydcG|yzzZ	protein-coding
b1421	trg	ECK1415	protein-coding
b1426	ydcH	ECK1419	protein-coding
b1427	rimL	ECK1420	protein-coding
b1468	narZ	ECK1462|chlZ	protein-coding
b1434	sutR	ECK1428|ydcN	protein-coding
b1438	hicB	ECK1432|ydcQ	protein-coding
b1484	ddpD	ECK1478|yddP	protein-coding
b1091	fabH	ECK1077	protein-coding
b1439	ydcR	ECK1433	protein-coding
b1440	ydcS	ECK1434	protein-coding
b1452	yncE	ECK1446	protein-coding
b1441	ydcT	ECK1435	protein-coding
b1447	ydcZ	ECK1441	protein-coding
b1621	malX	ECK1616	protein-coding
b1448	mnaT	ECK1442|yncA	protein-coding
b1393	paaF	ECK1390|ydbR|ydbS	protein-coding
b1449	curA	ECK1443|yncB	protein-coding
b1325	ycjG	ECK1321|ycjH	protein-coding
b1450	mcbR	ECK1444|yncC	protein-coding
b1451	pqqU	ECK1445|yncD	protein-coding
b0970	yccA	ECK0961	protein-coding
b0063	araB	ECK0064	protein-coding
b0112	aroP	ECK0111|aroR	protein-coding
b1453	ansP	ECK1447|yncF	protein-coding
b1483	ddpF	ECK1477|yddO	protein-coding
b1548	nohA	ECK1541|nohQ	protein-coding
b2803	fucK	ECK2798	protein-coding
b1454	yncG	ECK1448	protein-coding
b1455	yncH	ECK1449	protein-coding
b0877	ybjX	ECK0868	protein-coding
b1456	rhsE	ECK1450	pseudo
b2792	yqcC	ECK2786	protein-coding
b1485	ddpC	ECK1479|yddQ	protein-coding
b1465	narV	ECK1459|chlZ	protein-coding
b1480	sra	ECK1474|rpsV	protein-coding
b1479	maeA	ECK1473|sfcA	protein-coding
b1466	narW	ECK1460|chlZ	protein-coding
b2748	ftsB	ECK2743|ygbQ	protein-coding
b1467	narY	ECK1461|chlZ	protein-coding
b1474	fdnG	ECK1468	protein-coding
b1478	adhP	ECK1472|yddN	protein-coding
b2816	metV	ECK2812|metX|metZ-beta|metZb|metZbeta	tRNA
b1476	fdnI	ECK1470	protein-coding
b0239	frsA	ECK0240|yafA	protein-coding
b1477	yddM	ECK1471	protein-coding
b1481	bdm	ECK1475|yddX	protein-coding
b1505	ydeT	ECK1498|fmlC	protein-coding
b1482	osmC	ECK1476	protein-coding
b1486	ddpB	ECK1480|yddR	protein-coding
b0698	kdpA	ECK0686|kac	protein-coding
b0191	arfB	ECK0191|yaeJ	protein-coding
b1504	ydeS	ECK1497	protein-coding
b1828	yebQ	ECK1827	protein-coding
b1503	ydeR	ECK1496	protein-coding
b1502	ydeQ	ECK1495	protein-coding
b3024	ygiW	ECK3015|visP	protein-coding
b1487	ddpA	ECK1481|yddS	protein-coding
b2474	tmcA	ECK2470|ypfI	protein-coding
b1550	gnsB	ECK1544|ydfY	protein-coding
b1501	ydeP	ECK1494	protein-coding
b0441	ppiD	ECK0435|ybaU	protein-coding
b1492	gadC	ECK1486|acsA|xasA	protein-coding
b1493	gadB	ECK1487	protein-coding
b1494	pqqL	ECK1488|pqqE|pqqM|yddC	protein-coding
b1546	tfaQ	ECK1539|ydfM	protein-coding
b1500	safA	ECK4475|yneN	protein-coding
b1373	tfaR	ECK1368|ynaC	protein-coding
b1506	yneL	ECK1499	pseudo
b1507	hipA	ECK1500	protein-coding
b1508	hipB	ECK1501	protein-coding
b4268	idnK	ECK4261|gntV	protein-coding
b1537	ydeJ	ECK1530	protein-coding
b1536	ydeI	ECK1529	protein-coding
b1511	lsrK	ECK1504|ydeV	protein-coding
b1512	lsrR	ECK1505|ydeW	protein-coding
b1517	lsrF	ECK1510|yneB	protein-coding
b0075	leuL	ECK0077|leuIP|leuLP|leulL|leulLP	protein-coding
b1518	lsrG	ECK1511|yneC	protein-coding
b1519	tam	ECK1512|lsrE|yneD	protein-coding
b1535	dgcZ	ECK1528|ydeG|ydeH	protein-coding
b1829	htpX	ECK1828	protein-coding
b1660	punC	ECK1656|ydhC	protein-coding
b1375	ynaE	ECK1370	protein-coding
b1526	ptrR	ECK1519|yneJ	protein-coding
b1527	yneK	ECK1520	protein-coding
b1533	eamA	ECK1526|ydeD	protein-coding
b1571	ydfA	ECK1565	protein-coding
b1534	ydeE	ECK1527|ydeF	protein-coding
b1538	dcp	ECK1531	protein-coding
b1539	ydfG	ECK1532	protein-coding
b1832	msrC	ECK1831|yebR	protein-coding
b1540	rspR	ECK1533|ydfH	protein-coding
b1545	pinQ	ECK1538|ydfL	protein-coding
b4387	ytjB	ECK4379|smp	protein-coding
b1558	cspF	ECK1552	protein-coding
b1557	cspB	ECK1551	protein-coding
b0304	rclA	ECK0303|ykgC	protein-coding
b1556	essQ	ECK1550|ydfS	protein-coding
b1878	flhE	ECK1879	protein-coding
b1555	ydfR	ECK1549	protein-coding
b1830	prc	ECK1829|tsp	protein-coding
b1551	ynfN	ECK1545	protein-coding
b1547	stfQ	ECK1540|ydfN	protein-coding
b1552	cspI	ECK1546|cspJ	protein-coding
b1554	rrrQ	ECK1548|ydfQ	protein-coding
b1553	rzpQ	ECK1547|ydfP	protein-coding
b1576	ydfD	ECK1570	protein-coding
b1559	ydfT	ECK1553|quuQ	protein-coding
b1060	bssS	ECK1045|yceP	protein-coding
b1514	lsrC	ECK1507|ydeY	protein-coding
b0484	copA	ECK0478|ybaR	protein-coding
b1573	ydfC	ECK1567	protein-coding
b1560	ydfU	ECK1554	protein-coding
b1561	rem	ECK1555	protein-coding
b1575	dicB	ECK1569|ftsT	protein-coding
b1567	ydfW	ECK1561|intK	protein-coding
b1568	ydfX	ECK1562	protein-coding
b1577	ydfE	ECK1571	pseudo
b2766	ygcN	ECK2761	protein-coding
b1180	ycgM	ECK1168	protein-coding
b2780	pyrG	ECK2774	protein-coding
b1584	speG	ECK1579	protein-coding
b1578	insD7	ECK1572|insD	pseudo
b1583	ynfB	ECK1578	protein-coding
b1569	dicC	ECK1563|ftsT	protein-coding
b1397	paaJ	ECK1394|ydbW	protein-coding
b0172	frr	ECK0171|rrf	protein-coding
b2623	yfjH	ECK2619	protein-coding
b0703	ybfO	ECK0691	pseudo
b1582	ynfA	ECK1577	protein-coding
b1581	rspA	ECK1576	protein-coding
b1580	rspB	ECK1575	protein-coding
b1682	sufC	ECK1678|ynhD	protein-coding
b1827	kdgR	ECK1826|yebP	protein-coding
b1579	intQ	ECK1573	pseudo
b1585	ynfC	ECK1580	protein-coding
b0871	poxB	ECK0862	protein-coding
b1586	ynfD	ECK1581	protein-coding
b1630	rsxD	ECK1626|ydgO	protein-coding
b1587	ynfE	ECK1582	protein-coding
b1595	ynfL	ECK1590	protein-coding
b1629	rsxC	ECK1625|ydgN	protein-coding
b1596	ynfM	ECK1591|yzyC	protein-coding
b1600	mdtJ	ECK1595|ydgF	protein-coding
b1574	dicF	ECK1568	ncRNA
b1763	topB	ECK1761|mutR	protein-coding
b1601	tqsA	ECK1596|ydgG	protein-coding
b0261	mmuM	ECK0263|yagD	protein-coding
b1602	pntB	ECK1597	protein-coding
b1056	yceI	ECK1041	protein-coding
b1628	rsxB	ECK1624|ydgM	protein-coding
b1611	fumC	ECK1606	protein-coding
b1627	rsxA	ECK1623|ydgL	protein-coding
b1617	uidA	ECK1612|gurA|gusA	protein-coding
b1618	uidR	ECK1613|gusR	protein-coding
b1619	hdhA	ECK1614|hsd|hsdH	protein-coding
b1625	cnu	ECK1621|ydgT	protein-coding
b0091	murC	ECK0092	protein-coding
b1626	ydgK	ECK1622|rsxP	protein-coding
b1177	ycgJ	ECK1165	protein-coding
b1653	lhr	ECK1649|rhlF	protein-coding
b1798	leuE	ECK1796|yeaS	protein-coding
b1631	rsxG	ECK1627|ydgP	protein-coding
b1652	rnt	ECK1648	protein-coding
b2622	intA	ECK2618|intX|slpA	protein-coding
b1651	gloA	ECK1647	protein-coding
b1636	pdxY	ECK1632|ydgS	protein-coding
b0552	insH2	ECK0261|trs5-2|yi52_2	protein-coding
b1650	nemA	ECK1646|ydhN	protein-coding
b1090	plsX	ECK1076	protein-coding
b1649	nemR	ECK1645|ydhM	protein-coding
b1642	slyA	ECK1638	protein-coding
b1648	ydhL	ECK1644	protein-coding
b1654	grxD	ECK1650|ydhD	protein-coding
b1665	valV	ECK1661	tRNA
b1523	yneG	ECK1516	protein-coding
b1614	ydgA	ECK1609	protein-coding
b1679	sufE	ECK1675|ynhA	protein-coding
b1678	ldtE	ECK1674|ynhG	protein-coding
b1677	lpp	ECK1673|mlpA	protein-coding
b1572	ydfB	ECK1566	protein-coding
b1667	ydhR	ECK1663	protein-coding
b0595	entB	ECK0588|entG	protein-coding
b1676	pykF	ECK1672	protein-coding
b1675	fumD	ECK1671|ydhZ	protein-coding
b1689	ydiL	ECK1687	protein-coding
b0995	torR	ECK0986	protein-coding
b1688	ydiK	ECK1685	protein-coding
b1532	marB	ECK1525	protein-coding
b1680	sufS	ECK1676|csdB|ynhB	protein-coding
b0508	hyi	ECK0501|gip|ybbG	protein-coding
b0485	glsA	ECK0479|ybaS	protein-coding
b1520	yneE	ECK1513	protein-coding
b1687	ydiJ	ECK1684	protein-coding
b1686	menI	ECK1683|ydiI	protein-coding
b1293	sapB	ECK1288	protein-coding
b1462	yddH	ECK1456	protein-coding
b2776	ygcE	ECK2770	protein-coding
b1685	ydiH	ECK1682	protein-coding
b2802	fucI	ECK2797	protein-coding
b1690	ydiM	ECK1688	protein-coding
b0210	yafE	ECK0210	protein-coding
b1691	ydiN	ECK1689	protein-coding
b1608	rstA	ECK1603|urpT	protein-coding
b1692	ydiB	ECK1690	protein-coding
b0657	lnt	ECK0649|cutE	protein-coding
b1297	puuA	ECK1292|ycjK	protein-coding
b1291	sapD	ECK1286|trkE	protein-coding
b1260	trpA	ECK1254|try|tryp	protein-coding
b1705	ydiE	ECK1703	protein-coding
b0980	appA	ECK0971	protein-coding
b1703	ppsR	ECK1701|ydiA	protein-coding
b1366	ydaY	ECK1364	protein-coding
b1702	ppsA	ECK1700|pps	protein-coding
b1693	aroD	ECK1691	protein-coding
b1694	ydiF	ECK1692	protein-coding
b1699	ydiS	ECK1697	protein-coding
b1701	fadK	ECK1699|ydiD	protein-coding
b1700	ydiT	ECK1698	protein-coding
b1414	ydcF	ECK1407	protein-coding
b1054	lpxL	ECK1039|htrB|waaM	protein-coding
b1707	rflP	ECK1705|ydiV	protein-coding
b1722	ydiY	ECK1720	protein-coding
b1706	selO	ECK1704|ydiU	protein-coding
b1708	nlpC	ECK1706	protein-coding
b1758	ynjF	ECK1756	protein-coding
b1719	thrS	ECK1717	protein-coding
b1714	pheS	ECK1712|phe-act	protein-coding
b1229	tpr	ECK1224	protein-coding
b1718	infC	ECK1716|fit|srjA	protein-coding
b1179	ycgL	ECK1167	protein-coding
b0962	helD	ECK0953|srjB	protein-coding
b1254	yciB	ECK1248	protein-coding
b1704	aroH	ECK1702	protein-coding
b1723	pfkB	ECK1721	protein-coding
b1733	chbG	ECK1731|celG|ydjC	protein-coding
b1724	ydiZ	ECK1722	protein-coding
b2453	eutG	ECK2448|yffV	protein-coding
b1732	katE	ECK1730	protein-coding
b1731	cedA	ECK1729|ydjP	protein-coding
b1725	yniA	ECK1723	protein-coding
b1730	ydjO	ECK1728	protein-coding
b1729	tcyP	ECK1727|ydjN	protein-coding
b1762	ynjI	ECK1760	protein-coding
b3008	metC	ECK3000	protein-coding
b1570	dicA	ECK1564|ftsT	protein-coding
b0411	tsx	ECK0405|T6rec|nupA	protein-coding
b0577	ybdG	ECK0569	protein-coding
b1736	chbA	ECK1734|celC	protein-coding
b1742	ves	ECK1740|ydjR	protein-coding
b0805	fiu	ECK0794|ybiL	protein-coding
b1735	chbR	ECK1733|celD	protein-coding
b1751	ydjY	ECK1749	protein-coding
b2517	rlmN	ECK2513|yfgB	protein-coding
b1750	ydjX	ECK1748	protein-coding
b3074	ygjH	ECK3064	protein-coding
b0996	torC	ECK0987	protein-coding
b1743	spy	ECK1741	protein-coding
b1749	xthA	ECK1747|xth	protein-coding
b1748	astC	ECK1746|argM|cstC|ydjW	protein-coding
b1744	astE	ECK1742|ydjS	protein-coding
b0641	lptE	ECK0634|rlpB	protein-coding
b1745	astB	ECK1743|ydjT	protein-coding
b1746	astD	ECK1744|ydjU	protein-coding
b1747	astA	ECK1745|ydjV	protein-coding
b0058	rluA	ECK0059|yabO	protein-coding
b1394	paaG	ECK1391|ydbT	protein-coding
b1515	lsrD	ECK1508|ydeZ	protein-coding
b2852	ygeH	ECK2850	protein-coding
b1734	chbF	ECK1732|celF|ydjD	protein-coding
b0997	torA	ECK0988	protein-coding
b0591	entS	ECK0584|ybdA	protein-coding
b1752	ydjZ	ECK1750	protein-coding
b1753	ynjA	ECK1751	protein-coding
b1754	ynjB	ECK1752	protein-coding
b1770	ydjF	ECK1768	protein-coding
b1755	ynjC	ECK1753	protein-coding
b1769	ydjE	ECK1767	protein-coding
b1768	pncA	ECK1766|nam|ydjB	protein-coding
b1759	nudG	ECK1757|orf135|ynjG	protein-coding
b1767	ansA	ECK1765	protein-coding
b1760	ynjH	ECK1758	protein-coding
b1766	sppA	ECK1764	protein-coding
b2964	nupG	ECK2959|gru	protein-coding
b1771	ydjG	ECK1769	protein-coding
b0260	mmuP	ECK0262|ykfD	protein-coding
b1772	ydjH	ECK1770	protein-coding
b0209	yafD	ECK0209	protein-coding
b1296	puuP	ECK1291|ycjJ	protein-coding
b0572	cusC	ECK0564|ibeB|ylcB	protein-coding
b0994	torT	ECK0985|yccH	protein-coding
b1786	dgcJ	ECK1784|yeaJ	protein-coding
b1773	ydjI	ECK1771	protein-coding
b1774	ydjJ	ECK1772	protein-coding
b1775	ydjK	ECK1773	protein-coding
b1788	yoaI	ECK1786	protein-coding
b0992	yccM	ECK0983	protein-coding
b1784	yeaH	ECK1782	protein-coding
b1783	yeaG	ECK1781	protein-coding
b0518	fdrA	ECK0511|ylbD	protein-coding
b1776	ydjL	ECK1774	protein-coding
b1072	flgA	ECK1057|flaU	protein-coding
b1782	mipA	ECK1780|yeaF	protein-coding
b1781	yeaE	ECK1779	protein-coding
b1787	yeaK	ECK1785	protein-coding
b1807	tsaB	ECK1805|yeaZ	protein-coding
b1808	yoaA	ECK1806	protein-coding
b0068	thiB	ECK0069|sfuA|tbpA|yabL	protein-coding
b1789	yeaL	ECK1787	protein-coding
b1810	yoaC	ECK1808	protein-coding
b1791	nimT	ECK1789|yeaN	protein-coding
b1793	yoaF	ECK1791	protein-coding
b1795	yeaQ	ECK1793	protein-coding
b1806	yeaY	ECK1804	protein-coding
b1377	ompN	ECK1372|ynaG	protein-coding
b1796	yoaG	ECK1794	protein-coding
b1380	ldhA	ECK1377|hslF|hslI|htpH	protein-coding
b1799	dmlR	ECK1797|yeaT	protein-coding
b1797	yeaR	ECK1795	protein-coding
b3636	rpmG	ECK3626	protein-coding
b1800	dmlA	ECK1798|ttuC|yeaU	protein-coding
b2189	proL	ECK2183|proW	tRNA
b0090	murG	ECK0091	protein-coding
b0089	ftsW	ECK0090	protein-coding
b1126	potA	ECK1112	protein-coding
b0092	ddlB	ECK0093|ddl	protein-coding
b1802	yeaW	ECK1800	protein-coding
b1129	phoQ	ECK1115	protein-coding
b1805	fadD	ECK1803|oldD	protein-coding
b1804	rnd	ECK1802	protein-coding
b1803	yeaX	ECK1801	protein-coding
b1813	nudL	ECK1811|yeaB	protein-coding
b1814	sdaA	ECK1812	protein-coding
b1818	manY	ECK1816|pel|ptsP|ptsX	protein-coding
b1127	pepT	ECK1113	protein-coding
b1817	manX	ECK1815|gptB|mpt|ptsL|ptsX	protein-coding
b1816	yoaE	ECK1814	protein-coding
b1815	pdeD	ECK1813|yoaD	protein-coding
b1812	pabB	ECK1810	protein-coding
b1824	yobF	ECK1822	protein-coding
b1823	cspC	ECK1821|msmB	protein-coding
b1822	rlmA	ECK1820|rrmA|yebH	protein-coding
b1821	mntP	ECK1819|yebN	protein-coding
b1819	manZ	ECK1817|gptB|mpt|ptsM|ptsX	protein-coding
b1820	yobD	ECK1818	protein-coding
b1185	dsbB	ECK1173|dsbX|iarB|rosB|roxB|ycgA	protein-coding
b3005	exbD	ECK2998	protein-coding
b1811	yoaH	ECK1809	protein-coding
b1836	yebV	ECK1835	protein-coding
b1835	rsmF	ECK1834|yebU	protein-coding
b1717	rpmI	ECK1715	protein-coding
b1825	yebO	ECK1823	protein-coding
b1826	mgrB	ECK1824|yobG	protein-coding
b1834	letB	ECK1833|yebT	protein-coding
b1833	letA	ECK1832|yebS	protein-coding
b1837	yebW	ECK1836	protein-coding
b1846	yebE	ECK1847	protein-coding
b1838	pphA	ECK1837|prpA|yebX	protein-coding
b1809	yoaB	ECK1807	protein-coding
b1845	ptrB	ECK1846|tlp	protein-coding
b1184	umuC	ECK1172|uvm	protein-coding
b0622	pagP	ECK0615|crcA|ybeG	protein-coding
b1844	exoX	ECK1845|yobC	protein-coding
b1851	edd	ECK1852	protein-coding
b1847	yebF	ECK1848	protein-coding
b1848	yebG	ECK1849	protein-coding
b1188	ycgB	ECK1176	protein-coding
b1785	cdgI	ECK1783|yeaI	protein-coding
b1850	eda	ECK1851|hga|kdgA|kga	protein-coding
b1849	purT	ECK1850	protein-coding
b1861	ruvA	ECK1862	protein-coding
b1852	zwf	ECK1853	protein-coding
b1860	ruvB	ECK1861	protein-coding
b1859	znuB	ECK1860|yebI	protein-coding
b1853	yebK	ECK1854|hexR(P.a.)	protein-coding
b1858	znuC	ECK1859|yebM	protein-coding
b1857	znuA	ECK1858|yebL|yzzP	protein-coding
b1856	mepM	ECK1857|yebA	protein-coding
b1862	yebB	ECK1863	protein-coding
b1863	ruvC	ECK1864	protein-coding
b1864	yebC	ECK1865	protein-coding
b1870	cmoA	ECK1871|yecO	protein-coding
b1869	yecN	ECK1870	protein-coding
b1868	yecE	ECK1869	protein-coding
b1865	nudB	ECK1866|ntpA|yebD	protein-coding
b1867	yecD	ECK1868	protein-coding
b1866	aspS	ECK1867|tls	protein-coding
b1904	yecR	ECK1903	protein-coding
b1871	cmoB	ECK1872|yecP	protein-coding
b4537	yecJ	ECK1901	protein-coding
b1872	torZ	ECK1873|bisZ	protein-coding
b1879	flhA	ECK1880|flaH	protein-coding
b1880	flhB	ECK1881|flaG|yecQ	protein-coding
b1881	cheZ	ECK1882	protein-coding
b1882	cheY	ECK1883	protein-coding
b1883	cheB	ECK1884	protein-coding
b0613	citG	ECK0606|ybdT	protein-coding
b1884	cheR	ECK1885|cheX	protein-coding
b1885	tap	ECK1886	protein-coding
b0767	pgl	ECK0756|ybhE	protein-coding
b1886	tar	ECK1887|cheM	protein-coding
b1887	cheW	ECK1888	protein-coding
b1888	cheA	ECK1889	protein-coding
b1889	motB	ECK1890|flaJ	protein-coding
b1996	insD3	ECK0358|yi22-3	protein-coding
b1895	uspC	ECK1894|yecG	protein-coding
b1896	otsA	ECK1895	protein-coding
b1897	otsB	ECK1896|otsP	protein-coding
b1902	ftnB	ECK1900|yecI	protein-coding
b1900	araG	ECK1898	protein-coding
b1901	araF	ECK1899	protein-coding
b1905	ftnA	ECK1904|ftn|gen-165|rsgA	protein-coding
b1906	yecH	ECK1905	protein-coding
b1907	tyrP	ECK1906	protein-coding
b2769	ygcQ	ECK2764	protein-coding
b1910	cysT	ECK1909	tRNA
b1875	yecM	ECK1876|yecL	protein-coding
b1911	glyW	ECK1910|ins|mutC|suA58|suA78	tRNA
b0658	ybeX	ECK0650	protein-coding
b2336	yfcS	ECK2330	protein-coding
b2357	yfdN	ECK2351|yzyA	protein-coding
b1915	yecF	ECK1914	protein-coding
b1916	sdiA	ECK1915	protein-coding
b1917	tcyN	ECK1916|yecC	protein-coding
b1946	fliN	ECK1944|motD	protein-coding
b1914	uvrY	ECK1913|yecB	protein-coding
b0242	proB	ECK0243|pro(2)|pro2	protein-coding
b2362	yfdS	ECK2356	protein-coding
b4291	fecA	ECK4281	protein-coding
b1924	fliD	ECK1923|flbC|rfs	protein-coding
b1925	fliS	ECK1924	protein-coding
b0659	ybeY	ECK0651	protein-coding
b1033	ghrA	ECK1019|ycdW	protein-coding
b2371	yfdE	ECK2367	protein-coding
b1926	fliT	ECK1925	protein-coding
b1927	amyA	ECK1926|yedC	protein-coding
b1931	yedK	ECK1930|yedG	protein-coding
b1598	ydgD	ECK1593	protein-coding
b1932	yedL	ECK1931	protein-coding
b0433	ampG	ECK0427	protein-coding
b0215	dnaQ	ECK0215|mutD	protein-coding
b1945	fliM	ECK1943|cheC2|fla|flaA|flaAII|flaQ|flaQII	protein-coding
b1944	fliL	ECK1942|cheC1|flaAI|flaQI	protein-coding
b1936	intG	ECK1934	pseudo
b1937	fliE	ECK1935|fla|flaAI|flaN	protein-coding
b3039	ygiD	ECK3030	protein-coding
b1938	fliF	ECK1936|flaAII.1|flaBI	protein-coding
b1943	fliK	ECK1941|flaE	protein-coding
b3027	ygiZ	ECK3018	protein-coding
b1939	fliG	ECK1937|flaAII.2|flaBII	protein-coding
b1876	argS	ECK1877|lov|lov-1	protein-coding
b0415	ribE	ECK0409|nusIII|ribH|ybaF	protein-coding
b1942	fliJ	ECK1940|flaO	protein-coding
b1997	insC3	ECK0357|yi21-3	protein-coding
b1940	fliH	ECK1938|flaAII.3|flaBIII	protein-coding
b1941	fliI	ECK1939|fla|flaAIII|flaC	protein-coding
b1947	fliO	ECK1945|flbD	protein-coding
b2103	thiD	ECK2096|thiA|thiJ	protein-coding
b3550	yiaC	ECK3537	protein-coding
b1959	yedA	ECK1957	protein-coding
b1948	fliP	ECK1946|flaR	protein-coding
b1949	fliQ	ECK1947|flaQ	protein-coding
b1950	fliR	ECK1948|flaP	protein-coding
b1958	yedI	ECK1956	protein-coding
b1957	yodC	ECK1955	protein-coding
b1951	rcsA	ECK1949|cpsR	protein-coding
b1952	dsrB	ECK1950	protein-coding
b1953	yodD	ECK1951	protein-coding
b1954	dsrA	ECK1952	ncRNA
b1956	dgcQ	ECK1954|yedQ	protein-coding
b1955	yedP	ECK1953	protein-coding
b1960	vsr	ECK1958	protein-coding
b1963	drpB	ECK1961|yedR	protein-coding
b1962	yedJ	ECK1960	protein-coding
b1961	dcm	ECK1959|mec	protein-coding
b1973	zinT	ECK1969|yodA	protein-coding
b1967	hchA	ECK1963|yedU|yzzC	protein-coding
b1697	ydiQ	ECK1695	protein-coding
b1972	msrQ	ECK1968|yedZ	protein-coding
b1971	msrP	ECK1967|yedY	protein-coding
b1970	hiuH	ECK1966|yedX	protein-coding
b1969	hprR	ECK1965|yedW	protein-coding
b1968	hprS	ECK1964|yedV	protein-coding
b1977	asnT	ECK1973	tRNA
b1976	mtfA	ECK1972|yeeI	protein-coding
b1873	torY	ECK1874|yecK	protein-coding
b1974	yodB	ECK1970	protein-coding
b1975	serU	ECK1971|Su-1|ftsM|su1|supD|supH	tRNA
b1983	yeeN	ECK1978	protein-coding
b1984	asnW	ECK1979	tRNA
b1981	shiA	ECK1976|yeeM	protein-coding
b1978	yeeJ	ECK1974	protein-coding
b1644	ydhJ	ECK1640	protein-coding
b1019	efeB	ECK1009|ycdB	protein-coding
b1988	nac	ECK1983	protein-coding
b1987	cbl	ECK1982	protein-coding
b1986	asnU	ECK1981	tRNA
b0959	sxy	ECK0950|yccR	protein-coding
b1757	ynjE	ECK1755	protein-coding
b1985	yeeO	ECK1980	protein-coding
b1994	insH6	ECK0261|trs5-6|yi52_6	protein-coding
b1982	amn	ECK1977	protein-coding
b1989	asnV	ECK1984	tRNA
b2004	cbeA	ECK1997|yeeU	protein-coding
b1877	yecT	ECK1878	protein-coding
b2001	yeeR	ECK1994	protein-coding
b2003	yeeT	ECK1996	protein-coding
b2002	yeeS	ECK1995	protein-coding
b2026	hisI	ECK2021|hisE|hisIE	protein-coding
b2025	hisF	ECK2020	protein-coding
b1991	cobT	ECK1986	protein-coding
b2010	dacD	ECK2004|phsE|yeeC	protein-coding
b1993	cobU	ECK1988	protein-coding
b1992	cobS	ECK1987	protein-coding
b2024	hisA	ECK2019	protein-coding
b1999	yeeP	ECK1991	pseudo
b1379	hslJ	ECK1376|ydbI	protein-coding
b2013	tsuA	ECK2007|yeeE	protein-coding
b1854	pykA	ECK1855	protein-coding
b1645	ydhK	ECK1641	protein-coding
b2011	sbcB	ECK2005|cpeA|exoI|rmuA|xonA	protein-coding
b0220	ivy	ECK0221|ykfE	protein-coding
b2020	hisD	ECK2015	protein-coding
b2015	yeeY	ECK2009	protein-coding
b2014	plaP	ECK2008|yeeF	protein-coding
b2005	cbtA	ECK1998|yeeV	protein-coding
b2006	yeeW	ECK1999	protein-coding
b0130	yadE	ECK0129	protein-coding
b0718	ybgQ	ECK0707	protein-coding
b2016	yeeZ	ECK2010	protein-coding
b2012	tsuB	ECK2006|yeeD	protein-coding
b2000	flu	ECK1993|agn|agn43|yeeQ|yzzX	protein-coding
b2007	tmaR	ECK2001|yeeX	protein-coding
b2017	yefM	ECK2012	protein-coding
b2055	wcaE	ECK2049	protein-coding
b2023	hisH	ECK2018	protein-coding
b2008	yeeA	ECK2002	protein-coding
b2009	sbmC	ECK2003|dgi|gyrI|yeeB	protein-coding
b2018	hisL	ECK2013	protein-coding
b0339	cynT	ECK0336	protein-coding
b2019	hisG	ECK2014	protein-coding
b2056	wcaD	ECK2050	protein-coding
b2021	hisC	ECK2016	protein-coding
b2022	hisB	ECK2017	protein-coding
b2027	wzzB	ECK2022|cld|rol|wzz	protein-coding
b2029	gnd	ECK2024	protein-coding
b2032	wbbK	ECK2026|yefI	protein-coding
b2033	wbbJ	ECK2027|yefH	protein-coding
b2037	rfbX	ECK2031|wzx|wzxB	protein-coding
b2062	wza	ECK2056	protein-coding
b2051	gmm	ECK2045|nudD|wcaH|yefC	protein-coding
b2042	galF	ECK2036|wcaN|yefG	protein-coding
b2043	wcaM	ECK2037|yefK	protein-coding
b2053	gmd	ECK2047|yefA|yefN	protein-coding
b2052	fcl	ECK2046|wcaG|yefB	protein-coding
b2061	wzb	ECK2055	protein-coding
b2044	wcaL	ECK2038|yefL	protein-coding
b2063	yegH	ECK2057	protein-coding
b2060	wzc	ECK2054	protein-coding
b2427	murR	ECK2422|yfeT	protein-coding
b2045	wcaK	ECK2039	protein-coding
b2059	wcaA	ECK2053	protein-coding
b2028	ugd	ECK2023|UDG8|pmrE|udg|yefA	protein-coding
b1780	yeaD	ECK1778|yzzQ	protein-coding
b2058	wcaB	ECK2052	protein-coding
b2048	cpsG	ECK2042|manB|rfbK	protein-coding
b3227	dcuD	ECK3216|yhcL	protein-coding
b0478	ybaL	ECK0472|ylaA	protein-coding
b2030	insH7	ECK0261|trs5-7|yi52_7	protein-coding
b2054	wcaF	ECK2048	protein-coding
b2057	wcaC	ECK2051	protein-coding
b2049	cpsB	ECK2043|manC|mni|rfbM	protein-coding
b2046	wzxC	ECK2040|wzx	protein-coding
b2064	asmA	ECK2058|yegA	protein-coding
b2047	wcaJ	ECK2041	protein-coding
b0477	gsk	ECK0471	protein-coding
b0219	yafV	ECK0220	protein-coding
b1009	rutD	ECK1000|ycdJ	protein-coding
b1378	ydbK	ECK1374|pfo	protein-coding
b2050	wcaI	ECK2044|yefD	protein-coding
b1006	rutG	ECK0997|ycdG	protein-coding
b1790	nimR	ECK1788|yeaM	protein-coding
b1008	rutE	ECK0999|ycdI	protein-coding
b0873	hcp	ECK0864|priS|ybjW	protein-coding
b2065	dcd	ECK2059|dus|paxA	protein-coding
b1007	rutF	ECK0998|ycdH	protein-coding
b2233	yfaL	ECK2225|yfaF|yfaJ|yfaK	protein-coding
b2693	argY	ECK2688|argVbeta	tRNA
b2066	udk	ECK2060	protein-coding
b2091	gatD	ECK2084	protein-coding
b2067	dgcE	ECK2061|yegE	protein-coding
b2077	mdtD	ECK2073|iceT|yegB	protein-coding
b2073	yegL	ECK2067	protein-coding
b2092	gatC	ECK2085	pseudo
b2074	mdtA	ECK2070|yegM	protein-coding
b2079	baeR	ECK2075	protein-coding
b2075	mdtB	ECK2071|yegN	protein-coding
b2232	ubiG	ECK2224|pufX|yfaB	protein-coding
b2076	mdtC	ECK2072|yegO	protein-coding
b2081	trhP	ECK2077|yegQ	protein-coding
b2093	gatB	ECK2086	protein-coding
b2078	baeS	ECK2074	protein-coding
b2234	nrdA	ECK2226|dnaF	protein-coding
b2085	yegR	ECK2081	protein-coding
b2231	gyrA	ECK2223|hisW|nalA|nfxA|norA|parD	protein-coding
b2112	yehE	ECK2105	protein-coding
b2088	insE5	ECK0298	protein-coding
b2109	yehB	ECK2102	protein-coding
b2230	yfaA	ECK2222|pufY	protein-coding
b2111	yehD	ECK2104	protein-coding
b2332	yfcO	ECK2326	protein-coding
b2110	yehC	ECK2103	protein-coding
b2229	yfaT	ECK2221	protein-coding
b2194	ccmH	ECK2186|yejP	protein-coding
b0125	hpt	ECK0124	protein-coding
b0739	tolA	ECK0728|cim|excC|lky|tol-2	protein-coding
b2086	yegS	ECK2082	protein-coding
b2113	mrp	ECK2106	protein-coding
b1603	pntA	ECK1598	protein-coding
b2089	insF5	ECK0299|tra5-4	protein-coding
b2099	yegU	ECK2092	protein-coding
b0289	ecpE	ECK0288|matF|yagV	protein-coding
b2097	fbaB	ECK2090|dhnA	protein-coding
b2094	gatA	ECK2087	protein-coding
b1253	yciA	ECK1247	protein-coding
b2096	gatY	ECK2089|yegF	protein-coding
b2100	yegV	ECK2093	protein-coding
b2098	yegT	ECK2091	protein-coding
b2101	yegW	ECK2094	protein-coding
b2160	yeiI	ECK2153	protein-coding
b2095	gatZ	ECK2088	protein-coding
b2108	yehA	ECK2101	protein-coding
b2114	metG	ECK2107	protein-coding
b0218	yafU	ECK0218	pseudo
b2162	rihB	ECK2155|yeiK	protein-coding
b1096	pabC	ECK1082	protein-coding
b0931	pncB	ECK0922	protein-coding
b2118	yehI	ECK2109	protein-coding
b2115	yehF	ECK2108|dinO|molR_1|sosF	protein-coding
b2120	yehM	ECK2112|yehN|yehO	protein-coding
b2121	yehP	ECK2113	protein-coding
b2133	dld	ECK2126|ldh	protein-coding
b2122	yehQ	ECK2114	protein-coding
b2161	nupX	ECK2154|yeiJ	protein-coding
b2119	yehL	ECK2111	protein-coding
b2157	yeiE	ECK2150	protein-coding
b2129	yehX	ECK2122	protein-coding
b2130	yehY	ECK2123	protein-coding
b2136	yohD	ECK2129	protein-coding
b2134	pbpG	ECK2127|yohB	protein-coding
b2143	cdd	ECK2136	protein-coding
b2166	psuK	ECK2159|pscK|yeiC	protein-coding
b1095	fabF	ECK1081|cvc|fabJ|vtr|vtrB	protein-coding
b2135	yohC	ECK2128	protein-coding
b2156	lysP	ECK2149|cadR	protein-coding
b2158	yeiH	ECK2151	protein-coding
b2159	nfo	ECK2152	protein-coding
b2163	yeiL	ECK2156	protein-coding
b2164	psuT	ECK2157|pscT|yeiM	protein-coding
b2167	fruA	ECK2160|ptsF	protein-coding
b2170	setB	ECK2163|yeiO	protein-coding
b2171	yeiP	ECK2165	protein-coding
b2177	yejA	ECK2171	protein-coding
b2168	fruK	ECK2161|fpk	protein-coding
b2169	fruB	ECK2162|fpr|fruF	protein-coding
b0111	ampE	ECK0110	protein-coding
b2178	yejB	ECK2172	protein-coding
b0243	proA	ECK0244|pro(1)|pro1	protein-coding
b2131	osmF	ECK2124|yehZ	protein-coding
b2132	bglX	ECK2125|glh|yohA	protein-coding
b2179	yejE	ECK2173	protein-coding
b1071	flgM	ECK1056	protein-coding
b2188	lapC	ECK2182|pbgA|yejM|yejN	protein-coding
b2175	mepS	ECK2169|spr|yeiV	protein-coding
b1074	flgC	ECK1059|flaW	protein-coding
b2172	yeiQ	ECK2166	protein-coding
b2180	yejF	ECK2174	protein-coding
b2186	yejK	ECK2180|ndpA	protein-coding
b0967	rlmI	ECK0958|yccW	protein-coding
b2200	ccmB	ECK2192|yejV	protein-coding
b2174	lpxT	ECK2168|yeiU	protein-coding
b2187	yejL	ECK2181	protein-coding
b2176	pdeN	ECK2170|rtn	protein-coding
b2197	ccmE	ECK2189|yejS	protein-coding
b2203	napB	ECK2195|yejY	protein-coding
b2165	psuG	ECK2158|pscG|yeiN	protein-coding
b2209	eco	ECK2201|eti	protein-coding
b2173	yeiR	ECK2167	protein-coding
b2210	mqo	ECK2202|yojH	protein-coding
b2199	ccmC	ECK2191|yejT|yejU	protein-coding
b2240	glpT	ECK2232	protein-coding
b2211	yojI	ECK2203|yojJ	protein-coding
b2202	napC	ECK2194|yejX	protein-coding
b2915	yqfE	ECK2911	pseudo
b2212	alkB	ECK2204|aidD	protein-coding
b2198	ccmD	ECK2190|yojM	protein-coding
b2213	ada	ECK2205	protein-coding
b2214	ftp	ECK2206|apbE|yojK|yojL	protein-coding
b2265	menF	ECK2259|yfbA	protein-coding
b2241	glpA	ECK2233	protein-coding
b2201	ccmA	ECK2193|yejW	protein-coding
b0155	clcA	ECK0154|eriC|yadQ	protein-coding
b2215	ompC	ECK2207|meoA|par	protein-coding
b2216	rcsD	ECK2209|yojN|yojP|yojQ	protein-coding
b2238	yfaH	ECK2230	pseudo
b2222	atoA	ECK2215	protein-coding
b2264	menD	ECK2258	protein-coding
b2223	atoE	ECK2216	protein-coding
b1138	ymfE	ECK1124	protein-coding
b2380	pyrS	ECK2376|ypdA	protein-coding
b1276	acnA	ECK1271|acn	protein-coding
b2239	glpQ	ECK2231	protein-coding
b0245	ykfI	ECK0246	protein-coding
b2224	atoB	ECK2217	protein-coding
b2225	yfaP	ECK2218	protein-coding
b2236	yfaE	ECK2228	protein-coding
b2226	yfaQ	ECK2219	protein-coding
b2237	inaA	ECK2229|yfaG	protein-coding
b2235	nrdB	ECK2227|ftsB	protein-coding
b2242	glpB	ECK2234|psi-51	protein-coding
b2261	menC	ECK2255	protein-coding
b2243	glpC	ECK2235	protein-coding
b2263	menH	ECK2257|yfbB	protein-coding
b2244	rpnE	ECK2236|yfaD	protein-coding
b2287	nuoB	ECK2281	protein-coding
b2250	yfaZ	ECK2243	protein-coding
b2251	nudI	ECK2244|yfaO	protein-coding
b2260	menE	ECK2254	protein-coding
b2269	elaD	ECK2263	protein-coding
b2270	yfbK	ECK2264	protein-coding
b0695	kdpD	ECK0683|kac	protein-coding
b2272	yfbM	ECK2266	protein-coding
b2285	nuoE	ECK2279	protein-coding
b2262	menB	ECK2256	protein-coding
b2273	yfbN	ECK2267	protein-coding
b2301	yfcF	ECK2295	protein-coding
b2267	elaA	ECK2261|yfbC	protein-coding
b2266	elaB	ECK2260|yfbD	protein-coding
b2274	yfbO	ECK2268	protein-coding
b2284	nuoF	ECK2278	protein-coding
b2275	yfbP	ECK2269	protein-coding
b2300	yfcE	ECK2294	protein-coding
b2280	nuoJ	ECK2274	protein-coding
b2281	nuoI	ECK2275	protein-coding
b2624	alpA	ECK2620	protein-coding
b2286	nuoC	ECK2280|nuoD	protein-coding
b2268	rbn	ECK2262|ecoZ|elaC|rnz|zipD	protein-coding
b2282	nuoH	ECK2276	protein-coding
b2283	nuoG	ECK2277	protein-coding
b2302	yfcG	ECK2296	protein-coding
b2288	nuoA	ECK2282	protein-coding
b3635	mutM	ECK3625|fpg	protein-coding
b2292	yfbS	ECK2286	protein-coding
b2294	yfbU	ECK2288	protein-coding
b1764	selD	ECK1762|fdhB	protein-coding
b2289	lrhA	ECK2283|genR	protein-coding
b0341	cynX	ECK0338	protein-coding
b2291	yfbR	ECK2285	protein-coding
b2290	alaA	ECK2284|yfbQ	protein-coding
b0939	elfD	ECK0930|ycbR	protein-coding
b2295	yfbV	ECK2289	protein-coding
b2296	ackA	ECK2290	protein-coding
b2321	flk	ECK2315|div	protein-coding
b2293	hxpA	ECK2287|yfbT	protein-coding
b2297	pta	ECK2291	protein-coding
b2334	yfcQ	ECK2328	protein-coding
b2298	yfcC	ECK2292	protein-coding
b2303	folX	ECK2297	protein-coding
b0192	nlpE	ECK0192|cutF	protein-coding
b2299	yfcD	ECK2293	protein-coding
b2304	yfcH	ECK2298	protein-coding
b2320	pdxB	ECK2314|usg-2	protein-coding
b0553	nmpC	ECK0544|phmA	pseudo
b2305	rpnB	ECK2299|yfcI	protein-coding
b2333	yfcP	ECK2327	protein-coding
b2306	hisP	ECK2300	protein-coding
b2307	hisM	ECK2301	protein-coding
b2322	yfcJ	ECK2316	protein-coding
b1109	ndh	ECK1095	protein-coding
b2318	truA	ECK2312|asuC|hisT|leuK	protein-coding
b2312	purF	ECK2306|ade|purC	protein-coding
b4323	uxuB	ECK4314	protein-coding
b2316	accD	ECK2310|dedB|usg	protein-coding
b2319	usg	ECK2313|usg-1	protein-coding
b2317	dedA	ECK2311	protein-coding
b2323	fabB	ECK2317|fabC	protein-coding
b2324	mnmC	ECK2318|trmC|yfcK	protein-coding
b1641	slyB	ECK1637	protein-coding
b1761	gdhA	ECK1759	protein-coding
b0502	ylbG	ECK0495	protein-coding
b2325	yfcL	ECK2319	protein-coding
b2330	prmB	ECK2324|yfcB	protein-coding
b1638	pdxH	ECK1634	protein-coding
b2326	epmC	ECK2320|yfcM	protein-coding
b2327	yfcA	ECK2321	protein-coding
b0190	yaeQ	ECK0190	protein-coding
b1640	anmK	ECK1636|ydhH	protein-coding
b1639	mliC	ECK1635|ydhA	protein-coding
b2328	mepA	ECK2322	protein-coding
b2208	napF	ECK2200|yojG	protein-coding
b2329	aroC	ECK2323	protein-coding
b2340	sixA	ECK2334|yfcW	protein-coding
b4288	fecD	ECK4278	protein-coding
b2402	valX	ECK2396|valU-beta|valUbeta	tRNA
b2335	yfcR	ECK2329	protein-coding
b2345	yfdF	ECK2339	protein-coding
b2344	fadL	ECK2338|ttr	protein-coding
b2349	intS	ECK2343|intC|yfdB	protein-coding
b2352	yfdI	ECK2346|gtrIV|gtrS	protein-coding
b2850	ygeF	ECK2848	pseudo
b2401	valU	ECK2395|valUalpha	tRNA
b2353	tfaS	ECK2347|yfdJ	pseudo
b1612	fumA	ECK1607	protein-coding
b2360	yfdQ	ECK2354	protein-coding
b2466	ypfG	ECK2461	protein-coding
b4297	yjhG	ECK4286	protein-coding
b4300	sgcR	ECK4289|yjhJ	protein-coding
b1919	dcyD	ECK1918|yedO	protein-coding
b3014	yqhH	ECK3006	protein-coding
b1921	fliZ	ECK1920|yedH	protein-coding
b2361	yfdR	ECK2355	protein-coding
b2367	emrY	ECK2363	protein-coding
b2363	yfdT	ECK2357	protein-coding
b2366	dsdA	ECK2362	protein-coding
b4290	fecB	ECK4280	protein-coding
b4293	fecI	ECK4283	protein-coding
b2368	emrK	ECK2364	protein-coding
b2369	evgA	ECK2365	protein-coding
b2374	frc	ECK2370|yfdW	protein-coding
b4311	nanC	ECK4302|yjhA	protein-coding
b2370	evgS	ECK2366	protein-coding
b2373	oxc	ECK2369|yfdU	protein-coding
b0250	ykfB	ECK0252	protein-coding
b2378	lpxP	ECK2374|ddg	protein-coding
b2384	ypdE	ECK2380	protein-coding
b4304	sgcC	ECK4293|yjhN	protein-coding
b2379	alaC	ECK2375|yfdZ	protein-coding
b4306	yjhP	ECK4296	protein-coding
b2383	fryA	ECK2379|ypdD	protein-coding
b2385	ypdF	ECK2381	protein-coding
b2389	yfeO	ECK2385	protein-coding
b2390	ypeC	ECK2386	protein-coding
b2382	ypdC	ECK2378	protein-coding
b2398	yfeC	ECK2392	protein-coding
b2388	glk	ECK2384	protein-coding
b2396	alaX	ECK2390|alaWbeta	tRNA
b2397	alaW	ECK2391|alaWalpha	tRNA
b2929	fumE	ECK2925|yggD	protein-coding
b2405	xapR	ECK2399|pRndR|pndR|yfeB	protein-coding
b2395	pdeA	ECK2389|yfeA	protein-coding
b2399	yfeD	ECK2393	protein-coding
b2404	lysV	ECK2398|supN	tRNA
b2190	yejO	ECK2184	pseudo
b2406	xapB	ECK2400	protein-coding
b2412	zipA	ECK2407	protein-coding
b2403	valY	ECK2397|valUgamma	tRNA
b1257	yciE	ECK1251	protein-coding
b2408	yfeN	ECK2402	protein-coding
b2409	yfeR	ECK2403	protein-coding
b2410	yfeH	ECK2404	protein-coding
b2413	cysZ	ECK2408	protein-coding
b2419	yfeK	ECK2414	protein-coding
b2414	cysK	ECK2409|ssi5	protein-coding
b2407	xapA	ECK2401|pndA	protein-coding
b2416	ptsI	ECK2411|ctr	protein-coding
b2417	crr	ECK2412|gsr|iex|tgs|treD	protein-coding
b2418	pdxK	ECK2413|pdxL|yfeI	protein-coding
b2424	cysU	ECK2419|cysT	protein-coding
b2425	cysP	ECK2420	protein-coding
b0377	sbmA	ECK0372	protein-coding
b2411	ligA	ECK2406|dnaL|lig|lop|pdeC	protein-coding
b2415	ptsH	ECK2410|ctr|hpr	protein-coding
b2420	yfeS	ECK2415	protein-coding
b2421	cysM	ECK2416	protein-coding
b2422	cysA	ECK2417	protein-coding
b0153	fhuB	ECK0152	protein-coding
b0335	prpE	ECK0332|yahU	protein-coding
b0154	hemL	ECK0153|gsa|popC	protein-coding
b2428	murQ	ECK2423|yfeU	protein-coding
b2429	murP	ECK2424|yfeV	protein-coding
b2393	nupC	ECK2388|cru	protein-coding
b2394	insL3	ECK0016|yi81-3	protein-coding
b0430	cyoC	ECK0424	protein-coding
b2426	ucpA	ECK2421|yfeF	protein-coding
b2392	mntH	ECK2387|mntA|yfeP	protein-coding
b0373	insE2	ECK0298	protein-coding
b0375	iprA	ECK0370|yaiV	protein-coding
b0419	yajO	ECK0413	protein-coding
b0376	ampH	ECK0371|yaiH	protein-coding
b2805	fucR	ECK2800	protein-coding
b2400	gltX	ECK2394|gltM|gluRS	protein-coding
b2430	yfeW	ECK2425	protein-coding
b2436	hemF	ECK2431|popB|sec	protein-coding
b1930	yedF	ECK1929	protein-coding
b1066	rimJ	ECK1051|tcp	protein-coding
b2437	eutR	ECK2432|yfeG	protein-coding
b2438	eutK	ECK2433|yffI	protein-coding
b2431	yfeX	ECK2426	protein-coding
b2439	eutL	ECK2434|yffJ	protein-coding
b3551	bisC	ECK3538	protein-coding
b2435	amiA	ECK2430|yfeE	protein-coding
b2434	ypeA	ECK2429	protein-coding
b2433	yfeZ	ECK2428	protein-coding
b2432	yfeY	ECK2427	protein-coding
b1065	mdtH	ECK1050|yceL	protein-coding
b2444	yffM	ECK2439	protein-coding
b2443	yffL	ECK2438	protein-coding
b2442	intZ	ECK2437	protein-coding
b2441	eutB	ECK2436	protein-coding
b2440	eutC	ECK2435	protein-coding
b1064	grxB	ECK1049	protein-coding
b2448	yffQ	ECK2443	protein-coding
b2447	yffP	ECK2442	protein-coding
b2446	yffO	ECK2441	protein-coding
b2445	yffN	ECK2440	protein-coding
b2449	yffR	ECK2444	protein-coding
b2450	yffS	ECK2445	protein-coding
b2461	eutP	ECK2456|ypfD	protein-coding
b0940	elfC	ECK0931|ycbS	protein-coding
b2460	eutQ	ECK2455|ypfC	protein-coding
b2462	eutS	ECK2457|ypfE	protein-coding
b2451	eutA	ECK2446|yffT	protein-coding
b0655	gltI	ECK0648|ybeJ|yzzK	protein-coding
b2459	eutT	ECK2454|ypfB	protein-coding
b2458	eutD	ECK2453|eutI|ypfA	protein-coding
b3637	rpmB	ECK3627	protein-coding
b2457	eutM	ECK2452|cchA|yffZ	protein-coding
b2455	eutE	ECK2450|yffX	protein-coding
b1047	opgC	ECK1033|mdoC|ymdD	protein-coding
b2456	eutN	ECK2451|cchB|yffY	protein-coding
b1740	nadE	ECK1738|efg|ntrL	protein-coding
b2463	maeB	ECK2458|ypfF	protein-coding
b2469	narQ	ECK2464	protein-coding
b2480	bcp	ECK2476	protein-coding
b2479	gcvR	ECK2475|yffD	protein-coding
b0991	ymcE	ECK0981	protein-coding
b2478	dapA	ECK2474	protein-coding
b2471	yffB	ECK2466	protein-coding
b2477	bamC	ECK2473|dapX|nlpB	protein-coding
b0214	rnhA	ECK0214|cer|dasF|herA|rnh|sdrA|sin	protein-coding
b2475	ypfJ	ECK2471	protein-coding
b2476	purC	ECK2472|ade|ade(g)	protein-coding
b1457	ydcD	ECK1451	protein-coding
b2481	hyfA	ECK2477|yffE	protein-coding
b1647	ydhF	ECK1643	protein-coding
b2482	hyfB	ECK2478|yffF	protein-coding
b2486	hyfF	ECK2482	protein-coding
b1178	pliG	ECK1166|ycgK	protein-coding
b2487	hyfG	ECK2483	protein-coding
b2488	hyfH	ECK2484	protein-coding
b2489	hyfI	ECK2485	protein-coding
b0364	yaiS	ECK0361	protein-coding
b2503	pdeF	ECK2499|yfgF	protein-coding
b0526	cysS	ECK0519|syc	protein-coding
b2502	ppx	ECK2498	protein-coding
b2501	ppk	ECK2497	protein-coding
b0952	pqiC	ECK0943|ymbA	protein-coding
b2500	purN	ECK2496|ade|ade(c)	protein-coding
b2495	yfgD	ECK2491	protein-coding
b2499	purM	ECK2495|purG|purI	protein-coding
b1345	intR	ECK1342|ydaP	protein-coding
b2496	hda	ECK2492|idaB|yfgE	protein-coding
b2497	uraA	ECK2493	protein-coding
b2498	upp	ECK2494|uraP	protein-coding
b2504	yfgG	ECK2500	protein-coding
b2513	yfgM	ECK2509	protein-coding
b2512	bamB	ECK2508|yfgL	protein-coding
b2511	der	ECK2507|engA|yfgK	protein-coding
b2510	yfgJ	ECK2506	protein-coding
b2508	guaB	ECK2504|guaR	protein-coding
b2851	ygeG	ECK2849	protein-coding
b1045	ymdB	ECK1031	protein-coding
b2509	xseA	ECK2505|xse	protein-coding
b2514	hisS	ECK2510	protein-coding
b0490	fetA	ECK0484|ybbL	protein-coding
b2515	ispG	ECK2511|gcpE	protein-coding
b2516	rodZ	ECK2512|yfgA	protein-coding
b2521	sseA	ECK2517|mstA	protein-coding
b2522	sseB	ECK2519	protein-coding
b2527	hscB	ECK2524|yfhE	protein-coding
b1079	flgH	ECK1064|flaY	protein-coding
b2539	hcaF	ECK2536|digB|hcaA|hcaA2|hcaB|phdC2|yfhV	protein-coding
b2538	hcaE	ECK2535|digA|hcaA|hcaA1|phdC1|yfhU	protein-coding
b2528	iscA	ECK2525|yfhF	protein-coding
b2537	hcaR	ECK2534|phdR|yfhT	protein-coding
b0960	yccS	ECK0951	protein-coding
b2529	iscU	ECK2526|nifU|yfhN	protein-coding
b1300	puuC	ECK1295|aldH	protein-coding
b2530	iscS	ECK2527|nuvC|yfhO|yzzO	protein-coding
b0708	phr	ECK0697|phrB	protein-coding
b2464	talA	ECK2459	protein-coding
b2536	hcaT	ECK2533|yfhS	protein-coding
b0620	dpiA	ECK0613|citB|criR|mpdA	protein-coding
b2535	csiE	ECK2532|csi-16	protein-coding
b2555	qseG	ECK2552|yfhG	protein-coding
b2742	nlpD	ECK2737	protein-coding
b2871	ygeX	ECK2867	protein-coding
b2556	glrK	ECK2553|qseE|yfhK|yfhZ	protein-coding
b1839	yebY	ECK1840	protein-coding
b2540	hcaC	ECK2537|hcaa3|phdB|yfhW	protein-coding
b2553	glnB	ECK2550	protein-coding
b2544	yphB	ECK2541	protein-coding
b2552	hmp	ECK2549|fsrB|hmpA	protein-coding
b2545	yphC	ECK2542	protein-coding
b2548	yphF	ECK2545	protein-coding
b2549	yphG	ECK2546	protein-coding
b2551	glyA	ECK2548	protein-coding
b2550	yphH	ECK2547	protein-coding
b0623	cspE	ECK0616|gicA|msmC	protein-coding
b2968	yghD	ECK2963|ecfC	protein-coding
b2560	pgpC	ECK2558|yfhB	protein-coding
b2559	tadA	ECK2557|yfhC	protein-coding
b2558	mltF	ECK2556|yfhD	protein-coding
b2494	bepA	ECK2490|yfgC	protein-coding
b2561	yfhH	ECK2559	protein-coding
b2562	yfhL	ECK2560	protein-coding
b2557	purL	ECK2555|purI	protein-coding
b2567	rnc	ECK2565	protein-coding
b0444	queC	ECK0438|ybaX	protein-coding
b3040	zupT	ECK3031|ygiE	protein-coding
b2566	era	ECK2564|rbaA|sdgE	protein-coding
b2563	acpS	ECK2561|dpj	protein-coding
b2565	recO	ECK2563	protein-coding
b2564	pdxJ	ECK2562	protein-coding
b2568	lepB	ECK2566|lep	protein-coding
b2034	wbbI	ECK2028|yefG	protein-coding
b2554	glrR	ECK2551|qseF|yfhA	protein-coding
b0435	bolA	ECK0429	protein-coding
b0163	yaeH	ECK0162	protein-coding
b0813	rhtA	ECK0802|ybiF	protein-coding
b2575	yfiC	ECK2573|trmM	protein-coding
b2720	hycF	ECK2715|hevF	protein-coding
b2574	nadB	ECK2572|nic|nicB	protein-coding
b2573	rpoE	ECK2571|sigE	protein-coding
b2569	lepA	ECK2567	protein-coding
b2570	rseC	ECK2568	protein-coding
b2572	rseA	ECK2570|mclA|yfiJ	protein-coding
b2571	rseB	ECK2569	protein-coding
b2576	srmB	ECK2574|rbaB|rhlA	protein-coding
b2584	patZ	ECK2582|pka|yfiQ	protein-coding
b2583	tapT	ECK2581|tuaA|yfiP	protein-coding
b1282	yciH	ECK1277	protein-coding
b2585	pssA	ECK2583|pss	protein-coding
b2586	yfiM	ECK2584	protein-coding
b2582	trxC	ECK2580|yfiG	protein-coding
b0503	selU	ECK0496|mnmH|ybbB	protein-coding
b2577	yfiE	ECK2575	protein-coding
b2578	eamB	ECK2576|yfiK	protein-coding
b2581	yfiF	ECK2579	protein-coding
b2580	ung	ECK2578	protein-coding
b2579	grcA	ECK2577|yfiD	protein-coding
b2587	kgtP	ECK2585|witA	protein-coding
b2588	rrfG	ECK2586	rRNA
b2591	rrsG	ECK2589	rRNA
b2467	nudK	ECK2462|yffH	protein-coding
b0263	afuB	ECK0265|fbpB	pseudo
b1777	yeaC	ECK1775	protein-coding
b0705	ybfL	ECK0694	pseudo
b2590	gltW	ECK2588	tRNA
b2592	clpB	ECK2590|htpM	protein-coding
b1840	yebZ	ECK1841	protein-coding
b0535	fimZ	ECK0528|ybcA	protein-coding
b2598	pheL	ECK2595|pheAE	protein-coding
b2599	pheA	ECK2596	protein-coding
b4322	uxuA	ECK4313	protein-coding
b0481	ybaK	ECK0475	protein-coding
b2601	aroF	ECK2598	protein-coding
b2595	bamD	ECK2593|ecfD|yfiO	protein-coding
b2594	rluD	ECK2592|sfhB|yfiI	protein-coding
b2711	norW	ECK2706|ygaL|ygbD	protein-coding
b2593	yfiH	ECK2591|pgeF	protein-coding
b2603	yfiR	ECK2600	protein-coding
b2604	dgcN	ECK2601|yfiN	protein-coding
b2615	nadK	ECK2611|yfjB|yfjE	protein-coding
b2206	napA	ECK2198|yojC|yojD|yojE	protein-coding
b2605	yfiB	ECK2602	protein-coding
b2080	yegP	ECK2076	protein-coding
b2606	rplS	ECK2603	protein-coding
b2614	grpE	ECK2610	protein-coding
b2611	ypjD	ECK2608	protein-coding
b2607	trmD	ECK2604	protein-coding
b2608	rimM	ECK2605|yfjA	protein-coding
b2610	ffh	ECK2607	protein-coding
b2609	rpsP	ECK2606	protein-coding
b1620	malI	ECK1615	protein-coding
b2616	recN	ECK2612|radB	protein-coding
b2602	yfiL	ECK2599	protein-coding
b2630	rnlA	ECK2626|std|yfjN	protein-coding
b2629	yfjM	ECK2625	protein-coding
b4266	idnO	ECK4259|yjgU	protein-coding
b2628	abpA	ECK2624|yfjL	protein-coding
b2627	abpB	ECK2623|yfjK	protein-coding
b2626	yfjJ	ECK2622	protein-coding
b2631	rnlB	ECK2627|yfjO	protein-coding
b2105	rcnR	ECK2098|yohL	protein-coding
b2600	tyrA	ECK2597	protein-coding
b2866	xdhA	ECK2862|ygeS	protein-coding
b2040	rfbD	ECK2034|rmlD	protein-coding
b0492	cnoX	ECK0486|ybbN	protein-coding
b3073	patA	ECK3063|oat|pat|ygjG	protein-coding
b1281	pyrF	ECK1276	protein-coding
b1633	nth	ECK1629	protein-coding
b2645	yfjZ	ECK2642|lfgD	protein-coding
b2632	yfjP	ECK2628	protein-coding
b2644	lfgB	ECK2640|yfjY	protein-coding
b2643	lfgA	ECK2639|yfjX	protein-coding
b2633	yfjQ	ECK2629	protein-coding
b2642	yfjW	ECK2638	protein-coding
b2597	raiA	ECK2594|pY|urf1|yfiA	protein-coding
b2669	stpA	ECK2663|hnsB	protein-coding
b2646	ypjF	ECK2643|lfgE	protein-coding
b1529	marC	ECK1522|ydeB|ydeC	protein-coding
b1258	yciF	ECK1252	protein-coding
b0319	yahE	ECK0317	protein-coding
b2668	ygaP	ECK2662	protein-coding
b2667	ygaV	ECK2661	protein-coding
b3549	tag	ECK3536|tagA	protein-coding
b2666	yqaE	ECK2660	protein-coding
b0161	degP	ECK0160|htrA|ptd	protein-coding
b3020	ygiS	ECK3011	protein-coding
b0874	lysO	ECK0865|ybjE	protein-coding
b3965	trmA	ECK3957|rT|rumT	protein-coding
b2665	kbp	ECK2659|ygaU|yzzM	protein-coding
b2678	proW	ECK2672|osrA|proU	protein-coding
b2670	alaE	ECK2664|ygaW	protein-coding
b2677	proV	ECK2671|osrA|proU	protein-coding
b2676	nrdF	ECK2670|ygaD	protein-coding
b2691	argQ	ECK2686|argVdelta	tRNA
b2790	yqcA	ECK2784	protein-coding
b2519	pbpC	ECK2515|yfgN	protein-coding
b1343	dbpA	ECK1340|rhlC	protein-coding
b2715	ascF	ECK2710|sac	protein-coding
b2675	nrdE	ECK2669	protein-coding
b2671	ygaC	ECK2665	protein-coding
b2672	ygaM	ECK2666	protein-coding
b2674	nrdI	ECK2668|ygaO	protein-coding
b2070	yegI	ECK2064	protein-coding
b2525	fdx	ECK2522	protein-coding
b2673	nrdH	ECK2667|ygaN	protein-coding
b0537	intD	ECK0530|int	protein-coding
b2652	ileY	ECK2648	tRNA
b1624	ydgJ	ECK1619	protein-coding
b2679	proX	ECK2673|osrA|proU	protein-coding
b2685	emrA	ECK2679	protein-coding
b2686	emrB	ECK2680	protein-coding
b2687	luxS	ECK2681|ygaG	protein-coding
b2700	pncC	ECK2695|ygaD	protein-coding
b2699	recA	ECK2694|lexB|recH|rnmB|srf|tif|umuB|zab	protein-coding
b2692	argZ	ECK2687|argVgamma	tRNA
b2698	recX	ECK2693|oraA	protein-coding
b2695	serV	ECK2690|supD	tRNA
b3026	qseC	ECK3017|ygiY	protein-coding
b2697	alaS	ECK2692|act|ala-act|lovB	protein-coding
b2696	csrA	ECK2691|zfiA	protein-coding
b0160	dgt	ECK0159|optA	protein-coding
b3401	hslO	ECK3388|yrfI	protein-coding
b1592	clcB	ECK1587|mriT|ynfJ	protein-coding
b1672	ydhW	ECK1668	protein-coding
b2731	fhlA	ECK2726|fhl	protein-coding
b2730	hypE	ECK2725|hydB	protein-coding
b0580	ybdJ	ECK0572	protein-coding
b2701	mltB	ECK2696|slt	protein-coding
b0941	elfG	ECK0932|ycbT	protein-coding
b2709	norR	ECK2704|ygaA	protein-coding
b2732	ygbA	ECK2727	protein-coding
b1778	msrB	ECK1776|yeaA	protein-coding
b2729	hypD	ECK2724|hydF	protein-coding
b2713	hydN	ECK2708	protein-coding
b2719	hycG	ECK2714|hevG	protein-coding
b2728	hypC	ECK2723	protein-coding
b2725	hycA	ECK2720|hevA	protein-coding
b2727	hypB	ECK2722|hydB	protein-coding
b2726	hypA	ECK2721	protein-coding
b2734	pphB	ECK2729|prpB|ygbH	protein-coding
b2738	ygbL	ECK2733	protein-coding
b2814	metZ	ECK2810|metZalpha	tRNA
b2737	ygbK	ECK2732	protein-coding
b2736	ygbJ	ECK2731	protein-coding
b2071	yegJ	ECK2065	protein-coding
b0244	thrW	ECK0245	tRNA
b1913	uvrC	ECK1912	protein-coding
b2735	ygbI	ECK2730	protein-coding
b2867	xdhB	ECK2863|ygeT	protein-coding
b2733	mutS	ECK2728|ant|fdv|plm	protein-coding
b2739	ygbM	ECK2734	protein-coding
b2740	ygbN	ECK2735	protein-coding
b2694	argV	ECK2689|argValpha	tRNA
b2741	rpoS	ECK2736|abrD|appR|csi2|dpeB|katF|nur|otsX|sigS	protein-coding
b2744	umpG	ECK2739|surE|ygbC	protein-coding
b1715	pheM	ECK1713|phtL	protein-coding
b2754	cas2	ECK2749|ygbF	protein-coding
b2745	truD	ECK2740|ygbO	protein-coding
b2753	iap	ECK2748	protein-coding
b0934	ssuC	ECK0925|ycbM	protein-coding
b2752	cysD	ECK2747	protein-coding
b1528	ydeA	ECK1521	protein-coding
b2751	cysN	ECK2746	protein-coding
b0933	ssuB	ECK0924|ycbE	protein-coding
b2750	cysC	ECK2745	protein-coding
b2760	casA	ECK2755|cse1|ygcL	protein-coding
b2759	casB	ECK2754|cse2|ygcK	protein-coding
b2758	casC	ECK2753|cas7|cse4|ygcJ	protein-coding
b2757	casD	ECK2752|cas5e|ygcI	protein-coding
b2756	casE	ECK2751|cas6e|cse3|ygcH	protein-coding
b0742	cpoB	ECK0731|ybgF	protein-coding
b2755	cas1	ECK2750|ygbT	protein-coding
b2761	cas3	ECK2756|ygcB	protein-coding
b2762	cysH	ECK2757	protein-coding
b2763	cysI	ECK2758	protein-coding
b2774	ygcW	ECK2768	protein-coding
b0412	yajI	ECK0406	protein-coding
b2069	yegD	ECK2063	protein-coding
b2308	hisQ	ECK2302	protein-coding
b2771	ygcS	ECK2766	protein-coding
b2764	cysJ	ECK2759	protein-coding
b2770	ygcR	ECK2765	protein-coding
b1418	cybB	ECK1410	protein-coding
b2791	truC	ECK2785|yqcB	protein-coding
b2785	rlmD	ECK2779|rumA|ygcA	protein-coding
b2784	relA	ECK2778|RC	protein-coding
b2783	mazE	ECK2777|chpAI|chpR	protein-coding
b0581	ybdK	ECK0573	protein-coding
b1433	ydcO	ECK1427	protein-coding
b2775	yqcE	ECK2769|yqcF	protein-coding
b3038	ygiC	ECK3029	protein-coding
b2648	pinH	ECK2645|ypjG	pseudo
b1463	nhoA	ECK1457|yddI	protein-coding
b2782	mazF	ECK2776|chpA|chpAK	protein-coding
b0932	pepN	ECK0923	protein-coding
b2781	mazG	ECK2775	protein-coding
b2786	barA	ECK2780|airS	protein-coding
b2798	ygdG	ECK2793|exo|xni	protein-coding
b0489	qmcA	ECK0483|ybbK	protein-coding
b2787	gudD	ECK2781|ygcX	protein-coding
b2975	glcA	ECK2969|yghK	protein-coding
b0859	rlmC	ECK0850|rumB|ybjF	protein-coding
b2788	gudX	ECK2782|ygcY	protein-coding
b2797	sdaB	ECK2792	protein-coding
b1004	wrbA	ECK0995	protein-coding
b2796	sdaC	ECK2791|dcrA	protein-coding
b2789	gudP	ECK2783|gudT|ygcZ	protein-coding
b2795	ppnN	ECK2790|ygdH	protein-coding
b0078	ilvH	ECK0080|brnP	protein-coding
b2749	ygbE	ECK2744	protein-coding
b2072	pphC	ECK2066|yegK	protein-coding
b2794	queF	ECK2789|yqcD	protein-coding
b2793	syd	ECK2788|ydr	protein-coding
b3404	envZ	ECK3391|ompB|perA|tpo	protein-coding
b2799	fucO	ECK2794	protein-coding
b2811	csdE	ECK2807|ygdK	protein-coding
b2810	csdA	ECK2806|ygdJ	protein-coding
b2809	ygdI	ECK2805	protein-coding
b2808	gcvA	ECK2803	protein-coding
b2807	ygdD	ECK2802	protein-coding
b1891	flhC	ECK1892|flaI	protein-coding
b2800	fucA	ECK2795|fucC|prd	protein-coding
b2806	rlmM	ECK2801|ygdE	protein-coding
b2821	ptrA	ECK2817|ptr	protein-coding
b2533	suhB	ECK2530|ssyA	protein-coding
b2820	recB	ECK2816|ior|rorA	protein-coding
b2819	recD	ECK2815|hopE	protein-coding
b0704	ybfC	ECK0692	protein-coding
b2818	argA	Arg1|Arg2|ECK2814	protein-coding
b2484	hyfD	ECK2480	protein-coding
b2812	tcdA	ECK2808|csdL|ygdL	protein-coding
b2815	metW	ECK2811	tRNA
b2817	amiC	ECK2813|ygdN	protein-coding
b2822	recC	ECK2818	protein-coding
b2832	ygdQ	ECK2828	protein-coding
b2620	smpB	ECK2616|smqB	protein-coding
b2257	arnT	ECK2250|pmrK|yfbI	protein-coding
b0320	yahF	ECK0318	protein-coding
b2831	mutH	ECK2827|mutR|prv	protein-coding
b2830	rppH	ECK2826|nudH|ygdP	protein-coding
b2829	ptsP	ECK2825|ygdF|ygdO	protein-coding
b2520	yfhM	ECK2516	protein-coding
b2828	lgt	ECK2824|umpA	protein-coding
b2833	ygdR	ECK2829	protein-coding
b2714	ascG	ECK2709|sac	protein-coding
b2834	tas	ECK2830|ygdS	protein-coding
b1671	ydhX	ECK1667	protein-coding
b2634	yfjR	ECK2630	protein-coding
b2984	yghR	ECK2978	protein-coding
b2839	lysR	ECK2837	protein-coding
b1471	yddK	ECK1465	protein-coding
b2838	lysA	ECK2836	protein-coding
b2837	galR	ECK2835|Rgal	protein-coding
b2836	aas	ECK2832	protein-coding
b0041	fixA	ECK0042|yaaQ	protein-coding
b2835	lplT	ECK2831|ygeD	protein-coding
b0143	pcnB	ECK0142	protein-coding
b2843	kduI	ECK2841|yqeE	protein-coding
b2869	ygeV	ECK2865	protein-coding
b1046	clsC	ECK1032|ymdC	protein-coding
b0878	macA	ECK0869|ybjY	protein-coding
b2842	kduD	ECK2840|ygeC|yqeD	protein-coding
b2844	yqeF	ECK2842	protein-coding
b2859	ygeO	ECK2857	pseudo
b1801	yeaV	ECK1799	protein-coding
b2847	yqeI	ECK2845	protein-coding
b2848	yqeJ	ECK2846	protein-coding
b2849	yqeK	ECK2847	protein-coding
b0480	ushA	ECK0474	protein-coding
b2856	ygeL	ECK2854	pseudo
b1599	mdtI	ECK1594|ydgE	protein-coding
b2507	guaA	ECK2503	protein-coding
b0958	sulA	ECK0949|sfiA|suf	protein-coding
b2853	ygeI	ECK2851	protein-coding
b0317	yahC	ECK0315	protein-coding
b2854	pbl	ECK2852|ygeJ	pseudo
b2855	ygeK	ECK2853	pseudo
b1657	ydhP	ECK1653	protein-coding
b2841	araE	ECK2839	protein-coding
b2864	glyU	ECK2860|suA36|sufD|sumA|sumB|supT	tRNA
b2863	ygeQ	ECK2859	protein-coding
b2862	ygeP	ECK2858	pseudo
b2860	insD4	ECK0358|yi22-4	protein-coding
b2861	insC4	ECK0357|yi21-4	protein-coding
b2840	ygeA	ECK2838	protein-coding
b0290	ecpD	ECK0289|matE|yagW	protein-coding
b2876	yqeC	ECK2872	protein-coding
b0281	intF	ECK0280|yagO	protein-coding
b2865	actS	ECK2861|ygeR	protein-coding
b2979	glcD	ECK2974|gox|yghM	protein-coding
b0653	gltK	ECK0646	protein-coding
b0380	yaiZ	ECK0375	protein-coding
b2877	mocA	ECK2873|ygfJ	protein-coding
b2875	yqeB	ECK2871	protein-coding
b2874	yqeA	ECK2870	protein-coding
b2873	hyuA	ECK2869|ygeZ	protein-coding
b2872	ygeY	ECK2868	protein-coding
b2895	fldB	ECK2890	protein-coding
b2894	xerD	ECK2889|xprB	protein-coding
b2893	dsbC	ECK2888|xprA	protein-coding
b3187	ispB	ECK3176|cel|yhbD	protein-coding
b2543	yphA	ECK2540	protein-coding
b2883	guaD	ECK2879|ygfP	protein-coding
b2892	recJ	ECK2887	protein-coding
b0709	dtpD	ECK0698|ybgH	protein-coding
b2891	prfB	ECK2886|supK	protein-coding
b2068	alkA	ECK2062|aidA	protein-coding
b2890	lysS	ECK2885|asuD|herC	protein-coding
b2902	ygfF	ECK2897|yqfD	protein-coding
b0236	prfH	ECK0237	pseudo
b2253	arnB	ECK2246|pmrH|yfbE	protein-coding
b0312	betB	ECK0310	protein-coding
b1063	yceB	ECK1048	protein-coding
b2901	bglA	ECK2896|bglD|yqfC	protein-coding
b2896	ygfX	ECK2891|cptA	protein-coding
b2900	yqfB	ECK2895	protein-coding
b2899	trhA	ECK2894|yqfA	protein-coding
b2897	sdhE	ECK2892|cptB|ygfY	protein-coding
b2468	aegA	ECK2463|yffG	protein-coding
b2898	ygfZ	ECK2893|yzzW	protein-coding
b2908	pepP	ECK2903	protein-coding
b3634	coaD	ECK3624|kdtB|yicA	protein-coding
b0417	thiL	ECK0411|thiJ	protein-coding
b2907	ubiH	ECK2902|acd|visB	protein-coding
b2906	ubiI	ECK2901|visC	protein-coding
b2905	gcvT	ECK2900	protein-coding
b1041	csgB	ECK1027	protein-coding
b1566	flxA	ECK1560	protein-coding
b2904	gcvH	ECK2899|gcv	protein-coding
b2903	gcvP	ECK2898	protein-coding
b2381	pyrR	ECK2377|ypdB	protein-coding
b2721	hycE	ECK2716|hevE	protein-coding
b0129	yadI	ECK0128|agaX	protein-coding
b2922	yggE	ECK2918	protein-coding
b1346	xisR	ECK1343|ydaQ	protein-coding
b2909	ygfB	ECK2904	protein-coding
b2921	srsR	ECK2917|ygfI	protein-coding
b2920	scpC	ECK2916|ygfH	protein-coding
b2358	yfdO	ECK2352|oweS	protein-coding
b2910	zapA	ECK2905|ygfE	protein-coding
b2911	ssrS	ECK2906|ssr	ncRNA
b2914	rpiA	ECK2910|ygfC	protein-coding
b2919	scpB	ECK2915|ygfG	protein-coding
b0981	etk	ECK0972|yccC	protein-coding
b2930	yggF	ECK2926|yggK	protein-coding
b0282	yagP	ECK0281|b4695|ykgT	protein-coding
b2918	argK	ECK2914|ygfD	protein-coding
b2927	epd	ECK2923|gap2|gapB	protein-coding
b2926	pgk	ECK2922	protein-coding
b2925	fbaA	ECK2921|ald|fba|fda	protein-coding
b2924	mscS	ECK2920|yggB	protein-coding
b1365	ynaK	ECK1363	protein-coding
b2923	argO	ECK2919|yggA	protein-coding
b2928	yggC	ECK2924	protein-coding
b2935	tktA	ECK2930|tkt	protein-coding
b2952	yggT	ECK2947	protein-coding
b1522	dgcF	ECK1515|yneF	protein-coding
b2951	yggS	ECK2946	protein-coding
b2953	yggU	ECK2948	protein-coding
b1111	comR	ECK1097|ycfQ	protein-coding
b0594	entE	ECK0587	protein-coding
b1314	ycjR	ECK1309|dte	protein-coding
b2717	hycI	ECK2712	protein-coding
b2954	rdgB	ECK2949|yggV	protein-coding
b2950	yggR	ECK2945	protein-coding
b2938	speA	ECK2933	protein-coding
b2939	yqgB	ECK2934	protein-coding
b2943	galP	ECK2938|Pgal	protein-coding
b1460	ydcC	ECK1454	protein-coding
b1634	dtpA	ECK1630|tppB|ydgR	protein-coding
b0413	nrdR	ECK0407|ybaD	protein-coding
b2718	hycH	ECK2713|hevH	protein-coding
b2949	yqgF	ECK2944	protein-coding
b1525	sad	ECK1518|yneI	protein-coding
b2217	rcsB	ECK2210	protein-coding
b2948	yqgE	ECK2943	protein-coding
b2944	yggI	ECK2939|sprT	protein-coding
b2220	atoC	ECK2213	protein-coding
b2947	gshB	ECK2942|gsh-II	protein-coding
b2955	hemW	ECK2950|yggW	protein-coding
b2961	mutY	ECK2956|micA	protein-coding
b2960	trmB	ECK2955|trmI|yggH	protein-coding
b2959	yggL	ECK2954	protein-coding
b0697	kdpB	ECK0685|kac	protein-coding
b1544	ydfK	ECK1537	protein-coding
b0699	ybfA	ECK0688	protein-coding
b2958	yggN	ECK2953|ecfF	protein-coding
b2957	ansB	ECK2952	protein-coding
b2956	yggM	ECK2951	protein-coding
b1081	flgJ	ECK1066|flaZ	protein-coding
b2965	speC	ECK2960	protein-coding
b0315	pdeL	ECK0313|yahA	protein-coding
b2716	ascB	ECK2711|sac	protein-coding
b2962	yggX	ECK2957	protein-coding
b2966	yqgA	ECK2961	protein-coding
b2967	pheV	ECK2962|pheC	tRNA
b0074	leuA	ECK0076	protein-coding
b2980	glcC	ECK2975|yghN	protein-coding
b2972	pppA	ECK2967|yghH	protein-coding
b1001	yccE	ECK0992	protein-coding
b2970	yghF	ECK2965|ecfA	protein-coding
b2971	yghG	ECK2966|gspSbeta	protein-coding
b1842	holE	ECK1843	protein-coding
b2989	yghU	ECK2983	protein-coding
b2977	glcG	ECK2971|yghC	protein-coding
b2988	gss	ECK2982|gsp	protein-coding
b2987	pitB	ECK2981	protein-coding
b2985	yghS	ECK2979	protein-coding
b2986	yghT	ECK2980	protein-coding
b3003	yghA	ECK2997	protein-coding
b3002	yqhA	ECK2996	protein-coding
b3001	gpr	ECK2995|mgrA|yghZ	protein-coding
b0107	hofB	ECK0106|hopB	protein-coding
b2038	rfbC	ECK2032|rfbD|rmlC	protein-coding
b2992	hybE	ECK2986	protein-coding
b1616	uidB	ECK1611|gusB|uidP	protein-coding
b2998	yghW	ECK2992	protein-coding
b2801	fucP	ECK2796	protein-coding
b3031	yqiA	ECK3022|yzzI	protein-coding
b1259	yciG	ECK1253	protein-coding
b3009	yghB	ECK3001	protein-coding
b3010	yqhC	ECK3002	protein-coding
b2483	hyfC	ECK2479	protein-coding
b3011	yqhD	ECK3003	protein-coding
b3118	tdcA	ECK3107	protein-coding
b3012	dkgA	ECK3004|yqhE	protein-coding
b3018	plsC	ECK3009|parF	protein-coding
b0642	leuS	ECK0635|syl	protein-coding
b0003	thrB	ECK0003	protein-coding
b3019	parC	ECK3010	protein-coding
b3022	mqsR	ECK3013|ygiU	protein-coding
b3030	parE	ECK3021|nfxD	protein-coding
b0804	ybiX	ECK0793	protein-coding
b1021	pgaD	ECK1011|hmsS|ycdP	protein-coding
b1347	rcbA	ECK1344|ydaC	protein-coding
b3174	leuU	ECK3163	tRNA
b3029	ygiN	ECK3020	protein-coding
b0208	yafC	ECK0208	protein-coding
b0696	kdpC	ECK0684|kac	protein-coding
b1632	rsxE	ECK1628|ydgQ	protein-coding
b0152	fhuD	ECK0151	protein-coding
b0062	araA	ECK0063	protein-coding
b3028	mdaB	ECK3019|mda66	protein-coding
b0310	ykgH	ECK0308	protein-coding
b0476	aes	ECK0470|ybaC	protein-coding
b3032	cpdA	ECK3023|icc	protein-coding
b2982	insH9	ECK0261|trs5-9|yi52_9	protein-coding
b3045	insD5	ECK0358|yi22-5	protein-coding
b3033	yqiB	ECK3024|yzzH	protein-coding
b3034	nudF	ECK3025|aspP|trgB|yqiE	protein-coding
b3044	insC5	ECK0357|yi21-5	protein-coding
b3035	tolC	ECK3026|colE1-i|mtcB|mukA|refI|toc|weeA	protein-coding
b3043	ygiL	ECK3034	protein-coding
b0806	mcbA	ECK0795|ybiM	protein-coding
b3042	ubiK	ECK3033|yqiC	protein-coding
b2221	atoD	ECK2214	protein-coding
b3041	ribB	ECK3032|htrP|luxH|luxH-l	protein-coding
b2777	queE	ECK2771|ygcF	protein-coding
b0333	prpC	ECK0330|yahS|yzzD	protein-coding
b3046	yqiG	ECK3035	pseudo
b3050	yqiJ	ECK3039	protein-coding
b3047	yqiH	ECK3036	protein-coding
b0475	hemH	ECK0469|popA|visA	protein-coding
b3049	glgS	ECK3038|scoR	protein-coding
b1080	flgI	ECK1065|flaM	protein-coding
b3048	yqiI	ECK3037	protein-coding
b2768	ygcP	ECK2763	protein-coding
b3051	yqiK	ECK3040	protein-coding
b0592	fepB	ECK0585	protein-coding
b0555	rrrD	ECK0546|lycV|ybcS	protein-coding
b0606	ahpF	ECK0600	protein-coding
b0216	aspV	ECK0216	tRNA
b0418	pgpA	ECK0412|yajN	protein-coding
b1368	ynaA	ECK1365|tmpR	protein-coding
b3058	folB	ECK3048|ygiG	protein-coding
b0554	essD	ECK0545|vlyS|ybcR	protein-coding
b0610	rnk	ECK0603	protein-coding
b0979	appB	ECK0970|cbdB|cyxB	protein-coding
b3052	hldE	ECK3042|gmhC|rfaE|waaE|yqiF	protein-coding
b1563	relE	ECK1557	protein-coding
b0716	ybgO	ECK0705	protein-coding
b3057	bacA	ECK3047|uppP	protein-coding
b3053	glnE	ECK3043	protein-coding
b3056	cca	ECK3046	protein-coding
b3054	ygiF	ECK3044	protein-coding
b3055	ygiM	ECK3045|ecfG|htrG	protein-coding
b3121	yhaC	ECK3110	protein-coding
b3069	ileX	ECK3059	tRNA
b1643	ydhI	ECK1639	protein-coding
b3068	mug	ECK3058|ygjF	protein-coding
b3059	plsY	ECK3049|ygiH	protein-coding
b3060	ttdR	ECK3050|dan|ygiP	protein-coding
b2641	yfjV	ECK2635|ECK2636|ECK2637|b2639|b2640|ypjL|ypjM	pseudo
b1890	motA	ECK1891|flaJ	protein-coding
b3061	ttdA	ECK3051|ygjA	protein-coding
b0702	ybfB	ECK0690	protein-coding
b3067	rpoD	ECK3057|alt	protein-coding
b3062	ttdB	ECK3052|ygjB	protein-coding
b1412	azoR	ECK1405|acpD	protein-coding
b3066	dnaG	ECK3056|dnaP|parB|sdgA	protein-coding
b2473	ypfH	ECK2469	protein-coding
b1000	cbpA	ECK0991	protein-coding
b0640	holA	ECK0633	protein-coding
b0158	btuF	ECK0157|yadT	protein-coding
b2702	srlA	ECK2697|gutA|sbl|srlA-1	protein-coding
b3063	ttdT	ECK3053|ygjC|ygjE	protein-coding
b3065	rpsU	ECK3055	protein-coding
b3064	tsaD	ECK3054|gcp|ygjD	protein-coding
b3078	ygjI	ECK3068	protein-coding
b2279	nuoK	ECK2273	protein-coding
b3077	ebgC	ECK3067	protein-coding
b3070	nfeF	ECK3060|yqjH	protein-coding
b3076	ebgA	ECK3066	protein-coding
b3071	nfeR	ECK3061|yqjI	protein-coding
b2589	rrlG	ECK2587	rRNA
b3075	ebgR	ECK3065	protein-coding
b2708	gutQ	ECK2703|srlQ	protein-coding
b2454	eutJ	ECK2449|yffW	protein-coding
b3084	rlmG	ECK3074|ygjO	protein-coding
b3172	argG	ECK3161	protein-coding
b3083	higB	ECK3073|ygjN	protein-coding
b1163	bluF	ECK1150|ycgF	protein-coding
b3082	higA	ECK3072|ygjM	protein-coding
b3081	fadH	ECK3071|ygjL	protein-coding
b1389	paaB	ECK1386|ynbF	protein-coding
b3080	ygjK	ECK3070	protein-coding
b3079	ygjJ	ECK3069	protein-coding
b3086	ygjQ	ECK3076	protein-coding
b3092	uxaC	ECK3083|ygjX|ygjY|ygjZ	protein-coding
b3087	ygjR	ECK3077	protein-coding
b3093	exuT	ECK3084	protein-coding
b3094	exuR	ECK3085	protein-coding
b3091	uxaA	ECK3082|ygjW	protein-coding
b3090	ygjV	ECK3081	protein-coding
b3089	sstT	ECK3080|ygjU	protein-coding
b0291	ecpC	ECK0290|matD|yagX	protein-coding
b3088	alx	ECK3079|ygjT	protein-coding
b3101	yqjF	ECK3092	protein-coding
b1194	ycgR	ECK1182	protein-coding
b3100	yqjK	ECK3091	protein-coding
b3099	yqjE	ECK3090	protein-coding
b3104	yhaI	ECK3095	protein-coding
b1531	marA	ECK1524|cfxB|inaR|nfxC|norB|soxQ	protein-coding
b3098	yqjD	ECK3089	protein-coding
b3102	yqjG	ECK3093	protein-coding
b2637	yfjT	ECK2633	protein-coding
b3103	yhaH	ECK3094	protein-coding
b3107	yhaL	ECK3098	protein-coding
b3096	mzrA	ECK3087|ecfM|yqjB	protein-coding
b3106	yhaK	ECK3097	protein-coding
b3105	yhaJ	ECK3096	protein-coding
b3097	yqjC	ECK3088	protein-coding
b3114	tdcE	ECK3103|yhaS	protein-coding
b3113	tdcF	ECK3102|yhaR	protein-coding
b3110	cyuP	ECK3100|dlsT|yhaO	protein-coding
b3116	tdcC	ECK3105	protein-coding
b3126	garL	ECK3114|yhaF	protein-coding
b3125	garR	ECK3113|yhaE	protein-coding
b3124	garK	ECK3112|yhaD	protein-coding
b3117	tdcB	ECK3106|tdc	protein-coding
b3123	rnpB	ECK3111	ncRNA
b3115	tdcD	ECK3104|yhaA	protein-coding
b3131	agaR	ECK3119|yhaW	protein-coding
b3132	kbaZ	ECK3120|agaZ|yhaX	protein-coding
b3130	yhaV	ECK3118	protein-coding
b3129	prlF	ECK3117|prlFA|sohA	protein-coding
b2650	ypjC	ECK2647	protein-coding
b3128	garD	ECK3116|yhaG	protein-coding
b3127	garP	ECK3115|yhaU	protein-coding
b3095	yqjA	ECK3086|ecfL	protein-coding
b3137	kbaY	ECK3125|agaY|kba|yraC	protein-coding
b3136	agaS	ECK3124|yraB	protein-coding
b3135	agaA	ECK3123|yraA	pseudo
b3134	agaW	ECK3122|yhaZ	pseudo
b3133	agaV	ECK3121|yhaY	protein-coding
b3140	agaD	ECK3128|yraF	protein-coding
b3085	ygjP	ECK3075	protein-coding
b3402	yhgE	ECK3389	protein-coding
b3139	agaC	ECK3127|yraE	protein-coding
b3138	agaB	ECK3126|yraD	protein-coding
b3145	yraK	ECK3133	protein-coding
b3250	mreC	ECK3238	protein-coding
b3144	yraJ	ECK3132	protein-coding
b3143	yraI	ECK3131	protein-coding
b3142	yraH	ECK3130	protein-coding
b3150	dolP	ECK3138|ecfH|yraP	protein-coding
b0872	hcr	ECK0863|ybjV	protein-coding
b3149	diaA	ECK3137|yraO	protein-coding
b3148	yraN	ECK3136	protein-coding
b3147	lpoA	ECK3135|yraM	protein-coding
b3146	rsmI	ECK3134|yraL	protein-coding
b3154	yhbP	ECK3142	protein-coding
b3153	yhbO	ECK3141	protein-coding
b3152	yraR	ECK3140	protein-coding
b3151	yraQ	ECK3139	protein-coding
b3157	ubiT	ECK3145|yhbT	protein-coding
b3156	yhbS	ECK3144	protein-coding
b3155	yhbQ	ECK3143	protein-coding
b3164	pnp	ECK3152|bfl	protein-coding
b3163	nlpI	ECK3151|yhbM	protein-coding
b3162	deaD	ECK3150|csdA|mssB|rhlD	protein-coding
b3161	mtr	ECK3149	protein-coding
b0262	afuC	ECK0264|fbpC|yagC	protein-coding
b3160	yhbW	ECK3148	protein-coding
b3171	metY	ECK3160	tRNA
b1779	gapA	ECK1777|gad|gap1	protein-coding
b3170	rimP	ECK3159|yhbC	protein-coding
b0318	yahD	ECK0316	protein-coding
b3169	nusA	ECK3158	protein-coding
b2255	arnA	ECK2248|SAF|pmrI|yfbG	protein-coding
b3168	infB	ECK3157|ssyG	protein-coding
b3167	rbfA	ECK3156|sdr-43|yhbB	protein-coding
b3165	rpsO	ECK3154|secC	protein-coding
b3166	truB	ECK3155|yhbA	protein-coding
b3180	yhbY	ECK3169	protein-coding
b3179	rlmE	ECK3168|ftsJ|mrsF|rrmJ	protein-coding
b3178	ftsH	ECK3167|hflB|mrsC|std|tolZ	protein-coding
b3177	folP	ECK3166|dhpS	protein-coding
b3176	glmM	ECK3165|mrsA|yhbF	protein-coding
b3182	dacB	ECK3171	protein-coding
b3183	obgE	ECK3172|cgtA|obg|yhbZ	protein-coding
b3262	yhdJ	ECK3249	protein-coding
b3181	greA	ECK3170	protein-coding
b3261	fis	ECK3248|nbp	protein-coding
b0264	insB2	ECK0022	protein-coding
b3184	yhbE	ECK3173	protein-coding
b3263	yhdU	ECK3250	protein-coding
b2981	yghO	ECK2976	protein-coding
b3252	csrD	ECK3240|yhdA	protein-coding
b3189	murA	ECK3178|mrbA|murZ	protein-coding
b3264	envR	ECK3251|acrS|yhdK	protein-coding
b3120	yhaB	ECK3109	protein-coding
b3265	acrE	ECK3252|envC	protein-coding
b3260	dusB	ECK3247|yhdG	protein-coding
b3259	prmA	ECK3246|prm-1|yhdI	protein-coding
b0382	iraP	ECK0377|yaiB	protein-coding
b3192	mlaC	ECK3181|yrbC	protein-coding
b3173	yhbX	ECK3162	protein-coding
b3193	mlaD	ECK3182|yrbD	protein-coding
b2490	hyfJ	ECK2486	protein-coding
b3202	rpoN	ECK3191|glnF|ntrA	protein-coding
b2937	speB	ECK2932	protein-coding
b2983	yghQ	ECK2977	protein-coding
b3198	kdsC	ECK3187|yrbI|yrbJ	protein-coding
b3203	hpf	ECK3192|yhbH	protein-coding
b0120	speD	ECK0119	protein-coding
b3175	secG	ECK3164|prlH	protein-coding
b3204	ptsN	ECK3193|rpoP|yhbI	protein-coding
b3199	lptC	ECK3188|yrbK	protein-coding
b3213	gltD	ECK3203|aspB|ossB|psiQ	protein-coding
b3212	gltB	ECK3202|aspB|ossB|psiQ	protein-coding
b3201	lptB	ECK3190|yhbG	protein-coding
b0121	speE	ECK0120	protein-coding
b3205	rapZ	ECK3194|yhbJ	protein-coding
b3208	mtgA	ECK3197|mgt|yrbM	protein-coding
b3195	mlaF	ECK3184|yrbF	protein-coding
b3196	yrbG	ECK3185	protein-coding
b2277	nuoM	ECK2271|nuoA	protein-coding
b3194	mlaE	ECK3183|yrbE	protein-coding
b3211	yhcC	ECK3201	protein-coding
b3197	kdsD	ECK3186|yrbH	protein-coding
b3219	yhcF	ECK3208	protein-coding
b0123	cueO	ECK0122|yacK	protein-coding
b3216	yhcD	ECK3206	protein-coding
b3220	yhcG	ECK3209	protein-coding
b3224	nanT	ECK3213	protein-coding
b3215	yhcA	ECK3205	protein-coding
b3225	nanA	ECK3214	protein-coding
b3218	insH10	ECK0261|trs5-10|yi52_10	protein-coding
b3247	rng	ECK3235|adhR|cafA|yhdF	protein-coding
b3223	nanE	ECK3212|yhcJ	protein-coding
b3214	gltF	ECK3204|ossB	protein-coding
b3240	aaeB	ECK3229|yhcP	protein-coding
b3241	aaeA	ECK3230|yhcQ	protein-coding
b3244	tldD	ECK3233|yhdO	protein-coding
b3221	nanQ	ECK3210|yhcH	protein-coding
b3242	aaeX	ECK3231|yhcR	protein-coding
b3258	panF	ECK3245	protein-coding
b3248	yhdE	ECK3236	protein-coding
b3807	cyaY	ECK3801	protein-coding
b3806	cyaA	ECK3800|cya	protein-coding
b3249	mreD	ECK3237	protein-coding
b3222	nanK	ECK3211|yhcI	protein-coding
b3255	accB	ECK3242|fabE	protein-coding
b3805	hemC	ECK3799|popE	protein-coding
b3243	aaeR	ECK3232|qseA|yhcS	protein-coding
b3256	accC	ECK3243|fabG	protein-coding
b3257	yhdT	ECK3244	protein-coding
b3271	yhdZ	ECK3258	protein-coding
b3270	yhdY	ECK3257	protein-coding
b3269	yhdX	ECK3256	protein-coding
b3268	yhdW	ECK3255	pseudo
b3267	yhdV	ECK3254	protein-coding
b3266	acrF	ECK3253|envD	protein-coding
b3274	rrfD	ECK3261	rRNA
b3273	thrV	ECK3260	tRNA
b3272	rrfF	ECK3259|rrfDbeta|rrvD	rRNA
b3276	alaU	ECK3263|talD	tRNA
b3275	rrlD	ECK3262	rRNA
b3280	yrdB	ECK3267	protein-coding
b3279	yrdA	ECK3266	protein-coding
b3281	aroE	ECK3268	protein-coding
b3278	rrsD	ECK3265	rRNA
b3277	ileU	ECK3264|tilD	tRNA
b3288	fmt	ECK3274|ftm|yhdD	protein-coding
b3287	def	ECK3273|fms	protein-coding
b3284	smg	ECK3271	protein-coding
b3283	yrdD	ECK3270	protein-coding
b3282	tsaC	ECK3269|rimN|yrdC	protein-coding
b3294	rplQ	ECK3281	protein-coding
b3293	yhdN	ECK3280	protein-coding
b3292	zntR	ECK3279|yhdM	protein-coding
b3291	mscL	ECK3277|yhdC	protein-coding
b3290	trkA	ECK3276	protein-coding
b3289	rsmB	ECK3275|fmu|fmv|rrmB|sun|yhdB	protein-coding
b3298	rpsM	ECK3285	protein-coding
b3297	rpsK	ECK3284	protein-coding
b3296	rpsD	ECK3283|ramA|sud(2)|sud2	protein-coding
b3295	rpoA	ECK3282|pez|phs|sez	protein-coding
b3303	rpsE	ECK3290|eps|spc|spcA	protein-coding
b3302	rpmD	ECK3289	protein-coding
b3301	rplO	ECK3288	protein-coding
b3300	secY	ECK3287|prlA	protein-coding
b3308	rplE	ECK3295	protein-coding
b3307	rpsN	ECK3294	protein-coding
b3306	rpsH	ECK3293	protein-coding
b3305	rplF	ECK3292	protein-coding
b3304	rplR	ECK3291	protein-coding
b3299	rpmJ	ECK3286|secX	protein-coding
b3313	rplP	ECK3300	protein-coding
b3312	rpmC	ECK3299	protein-coding
b3311	rpsQ	ECK3298|neaA	protein-coding
b3310	rplN	ECK3297	protein-coding
b3309	rplX	ECK3296	protein-coding
b3316	rpsS	ECK3303	protein-coding
b3234	degQ	ECK3223|hhoA	protein-coding
b3315	rplV	ECK3302|eryB	protein-coding
b3314	rpsC	ECK3301	protein-coding
b3233	yhcB	ECK3222|lapD|zapG	protein-coding
b3321	rpsJ	ECK3308|nusE	protein-coding
b3320	rplC	ECK3307	protein-coding
b3319	rplD	ECK3306|eryA	protein-coding
b3318	rplW	ECK3305	protein-coding
b3317	rplB	ECK3304	protein-coding
b3232	zapE	ECK3221|yhcM	protein-coding
b3325	gspD	ECK3312|yheF	protein-coding
b3326	gspE	ECK3313|yheG	protein-coding
b3324	gspC	ECK3311|yheE	protein-coding
b3323	gspA	ECK3310|yheD	protein-coding
b3322	gspB	ECK3309|pinO|pioO	protein-coding
b3328	gspG	ECK3315|hofG|hopG	protein-coding
b3231	rplM	ECK3220	protein-coding
b3327	gspF	ECK3314|hofF|hopF	protein-coding
b3239	yhcO	ECK3228	protein-coding
b3332	gspK	ECK3319|yheJ	protein-coding
b3331	gspJ	ECK3318|yheI	protein-coding
b3330	gspI	ECK3317|yheH	protein-coding
b3329	gspH	ECK3316|hofH|hopH	protein-coding
b3238	yhcN	ECK3227	protein-coding
b3337	bfd	ECK3324|yheA	protein-coding
b3338	chiA	ECK3325|yheB	protein-coding
b3339	tufA	ECK3326|kirT|pulT	protein-coding
b3336	bfr	ECK3323	protein-coding
b3335	gspO	ECK3322|hofD|hopD|hopO|yheC	protein-coding
b3334	gspM	ECK3321|hopZ|pshM	protein-coding
b3333	gspL	ECK3320|yheK	protein-coding
b3343	tusB	ECK3330|yheL	protein-coding
b3342	rpsL	ECK3329|asuB|strA	protein-coding
b3341	rpsG	ECK3328	protein-coding
b3340	fusA	ECK3327|far|fus	protein-coding
b3253	yhdH	ECK3241|acuI	protein-coding
b3348	slyX	ECK3335	protein-coding
b3347	fkpA	ECK3334|yzzS	protein-coding
b3346	yheO	ECK3333	protein-coding
b3345	tusD	ECK3332|yheN	protein-coding
b3344	tusC	ECK3331|yheM	protein-coding
b3236	mdh	ECK3225	protein-coding
b3353	yheT	ECK3341	protein-coding
b3352	yheS	ECK3340	protein-coding
b3351	kefG	ECK3339|yheR	protein-coding
b3350	kefB	ECK3338|trkB	protein-coding
b3349	slyD	ECK3336	protein-coding
b3356	yhfA	ECK3344	protein-coding
b3237	argR	ECK3226|Rarg|xerA	protein-coding
b3355	prkB	ECK3343|yhfF	protein-coding
b3354	yheU	ECK3342	protein-coding
b3359	argD	Arg1|ECK3347|dapC|dtu	protein-coding
b3235	degS	ECK3224|hhoB|htrH	protein-coding
b3358	yhfK	ECK3346	protein-coding
b3357	crp	ECK3345|cap|csm|gurB	protein-coding
b3365	nirB	ECK3353	protein-coding
b3364	tsgA	ECK3352|gutS|yhfC|yhfH	protein-coding
b3363	ppiA	ECK3351|rot|rotA	protein-coding
b3362	yhfG	ECK3350|ficA	protein-coding
b3361	fic	ECK3349|ficT	protein-coding
b3360	pabA	ECK3348	protein-coding
b0169	rpsB	ECK0168	protein-coding
b3371	frlB	ECK3359|yhfN	protein-coding
b3370	frlA	ECK3358|yhfM	protein-coding
b3369	yhfL	ECK3357	protein-coding
b3368	cysG	ECK3356	protein-coding
b3366	nirD	ECK3354	protein-coding
b0168	map	ECK0166	protein-coding
b3377	yhfT	ECK3364	protein-coding
b3376	yhfS	ECK3363	protein-coding
b3375	frlR	ECK3362|yhfR	protein-coding
b3374	frlD	ECK3361|yhfQ	protein-coding
b3210	arcB	ECK3200	protein-coding
b3382	yhfY	ECK3369	protein-coding
b3381	yhfX	ECK3368	protein-coding
b3380	yhfW	ECK3367	protein-coding
b3379	php	ECK3366|yhfV	protein-coding
b3378	yhfU	ECK3365	protein-coding
b3387	dam	ECK3374	protein-coding
b3384	trpS	ECK3371	protein-coding
b3385	gph	ECK3372|yhfE	protein-coding
b3386	rpe	ECK3373|dod|yhfD	protein-coding
b3383	yhfZ	ECK3370	protein-coding
b3394	hofN	ECK3381|yrfC	protein-coding
b3393	hofO	ECK3380|yrfB	protein-coding
b3392	hofP	ECK3379|yrfA	protein-coding
b3391	hofQ	ECK3378|hopQ	protein-coding
b0539	exoD	ECK0531|ybcC	pseudo
b3209	elbB	ECK3198|elb2|s27a|yhbL|yzzB	protein-coding
b3399	yrfG	ECK3386	protein-coding
b3398	igaA	ECK3385|yrfF	protein-coding
b3397	nudE	ECK3384|yrfE	protein-coding
b3396	mrcA	ECK3383|ponA	protein-coding
b3395	hofM	ECK3382|yrfD	protein-coding
b3408	feoA	ECK3395	protein-coding
b3207	yrbL	ECK3196	protein-coding
b3407	yhgF	ECK3394	protein-coding
b3400	hslR	ECK3387|hsp15|yrfH	protein-coding
b3405	ompR	ECK3392|cry|kmt|ompB	protein-coding
b3206	npr	ECK3195|ptsO|rpoR|yhbK	protein-coding
b3413	yhgH	ECK3400|gntX	protein-coding
b3412	bioH	ECK3399|bioB	protein-coding
b3411	rpnA	ECK3398|yhgA	protein-coding
b3410	feoC	ECK3397|yhgG	protein-coding
b3409	feoB	ECK3396	protein-coding
b3200	lptA	ECK3189|yhbN	protein-coding
b3418	malT	ECK3405|malA	protein-coding
b3417	malP	ECK3404|blu|malA	protein-coding
b3416	malQ	ECK3403|malA	protein-coding
b3415	gntT	ECK3402|gntM|gntTalpha|usgA|yhgC	protein-coding
b3414	nfuA	ECK3401|gntY|yhgI	protein-coding
b3423	glpR	ECK3409	pseudo
b3389	aroB	ECK3376	protein-coding
b3422	rtcR	ECK3408|yhgB	protein-coding
b3421	rtcB	ECK3407|yhgL	protein-coding
b3388	damX	ECK3375|yhfB	protein-coding
b3428	glgP	ECK3414|glgY	protein-coding
b3429	glgA	ECK3415	protein-coding
b3427	yzgL	ECK3413	protein-coding
b3426	glpD	ECK3412|glyD	protein-coding
b3425	glpE	ECK3411	protein-coding
b3424	glpG	ECK3410	protein-coding
b3437	gntK	ECK3422	protein-coding
b3434	yhgN	ECK3420	protein-coding
b3433	asd	ECK3419|dap|hom	protein-coding
b3432	glgB	ECK3418	protein-coding
b3431	glgX	ECK3417	protein-coding
b3430	glgC	ECK3416	protein-coding
b3441	yhhY	ECK3427	protein-coding
b3440	yhhX	ECK3425	protein-coding
b3439	yhhW	ECK3424	protein-coding
b3438	gntR	ECK3423	protein-coding
b3447	ggt	ECK3431	protein-coding
b3446	yrhB	ECK3430	protein-coding
b3445	insB6	ECK0022	protein-coding
b3444	insA6	ECK0023	protein-coding
b3443	yrhA	ECK3429	pseudo
b3442	yhhZ	ECK3428	protein-coding
b3450	ugpC	ECK3434	protein-coding
b3191	mlaB	ECK3180|yrbB	protein-coding
b3449	ugpQ	ECK3433	protein-coding
b3448	yhhA	ECK3432	protein-coding
b3452	ugpA	ECK3436|psiB|psiC|ugp	protein-coding
b3190	ibaG	ECK3179|yrbA	protein-coding
b3451	ugpE	ECK3435	protein-coding
b3188	sfsB	ECK3177|nlp|sfs7	protein-coding
b3454	livF	ECK3438	protein-coding
b3453	ugpB	ECK3437|psiB|psiC	protein-coding
b3459	panZ	ECK3443|livL|panM|yhhK	protein-coding
b3458	livK	ECK3442|hrbB|hrbC|hrbD	protein-coding
b3457	livH	ECK3441|hrbB|hrbC|hrbD	protein-coding
b3456	livM	ECK3440	protein-coding
b3455	livG	ECK3439|hrbB|hrbC|hrbD	protein-coding
b3463	ftsE	ECK3447	protein-coding
b3462	ftsX	ECK3446|ftsS	protein-coding
b3461	rpoH	ECK3445|fam|hin|htpR	protein-coding
b3460	livJ	ECK3444|hrbB|hrbC|hrbD	protein-coding
b3469	zntA	ECK3453|yhhO	protein-coding
b3468	yhhN	ECK3452	protein-coding
b3470	tusA	ECK3454|sirA|yhhP	protein-coding
b3467	yhhM	ECK3451	protein-coding
b3466	yhhL	ECK3450	protein-coding
b3465	rsmD	ECK3449|yhhF	protein-coding
b3464	ftsY	ECK3448	protein-coding
b3475	acpT	ECK3459|yhhU	protein-coding
b3474	yhhT	ECK3458	protein-coding
b3476	nikA	ECK3460|hydC|hydD	protein-coding
b3473	yhhS	ECK3457	protein-coding
b3472	dcrB	ECK3456|yhhR	protein-coding
b3471	yhhQ	ECK3455	protein-coding
b3141	agaI	ECK3129|yraG	protein-coding
b3477	nikB	ECK3461|hydC|hydD	protein-coding
b3480	nikE	ECK3464|hydC|hydD	protein-coding
b0541	insF3	ECK0299|tra5-2	protein-coding
b3479	nikD	ECK3463|hydC|hydD	protein-coding
b3478	nikC	ECK3462|hydC|hydD	protein-coding
b3485	yhhJ	ECK3470	protein-coding
b3484	yhhI	ECK3469	protein-coding
b3483	yhhH	ECK3467	protein-coding
b3482	rhsB	ECK3466	protein-coding
b3481	nikR	ECK3465|yhhG	protein-coding
b3492	yhiN	ECK3477	protein-coding
b3491	yhiM	ECK3476	protein-coding
b3486	rbbA	ECK3471|yhiG|yhiH	protein-coding
b4660	yhiL	ECK3474|ECK3475|b3489|b3490|yhiK	pseudo
b3488	yhiJ	ECK3473	protein-coding
b2724	hycB	ECK2719|hevB	protein-coding
b3487	yhiI	ECK3472	protein-coding
b2991	hybF	ECK2985	protein-coding
b3497	rsmJ	ECK3482|yhiQ	protein-coding
b3496	dtpB	ECK3481|yhiP	protein-coding
b3495	uspA	ECK3480	protein-coding
b3494	uspB	ECK3479|yhiO	protein-coding
b3493	pitA	ECK3478|pit	protein-coding
b1020	phoH	ECK1010|psiH	protein-coding
b3502	arsB	ECK3487|arsF	protein-coding
b3499	rlmJ	ECK3484|yhiR	protein-coding
b3501	arsR	ECK3486|arsE	protein-coding
b3500	gor	ECK3485|gorA	protein-coding
b3505	insH11	ECK0261|trs5-11|yi52_11	protein-coding
b3498	prlC	ECK3483|opdA	protein-coding
b3504	yhiS	ECK3489	pseudo
b3503	arsC	ECK3488|arsG	protein-coding
b3508	yhiD	ECK3492|yhhE	protein-coding
b2990	hybG	ECK2984	protein-coding
b3507	dctR	ECK3491|yhiF	protein-coding
b3506	slp	ECK3490	protein-coding
b3512	gadE	ECK3496|yhiE|yhiT	protein-coding
b3511	hdeD	ECK3495|yhiA	protein-coding
b3510	hdeA	ECK3494|yhhC|yhiB	protein-coding
b3509	hdeB	ECK3493|yhhD|yhiC	protein-coding
b3517	gadA	ECK3502|gadS	protein-coding
b3516	gadX	ECK3501|yhiX	protein-coding
b3515	gadW	ECK3499|yhiW	protein-coding
b3514	mdtF	ECK3498|yhiV	protein-coding
b3513	mdtE	ECK3497|yhiU	protein-coding
b3523	yhjE	ECK3508	protein-coding
b3522	yhjD	ECK3507	protein-coding
b1140	intE	ECK1126|int(Lambda)|ycfI	protein-coding
b3521	rcdB	ECK3506|yhjC	protein-coding
b3520	yhjB	ECK3505	protein-coding
b3519	treF	ECK3504	protein-coding
b3518	ccp	ECK3503|yhjA	protein-coding
b3528	dctA	ECK3513	protein-coding
b3527	yhjJ	ECK3512	protein-coding
b3526	kdgK	ECK3511|yhjI	protein-coding
b3525	pdeH	ECK3510|yhjH	protein-coding
b3524	yhjG	ECK3509|yhjF	protein-coding
b0660	ybeZ	ECK0652|phoL	protein-coding
b3532	bcsB	ECK3517|yhjN	protein-coding
b3531	bcsZ	ECK3516|bcsC|yhjM	protein-coding
b3530	bcsC	ECK3515|yhjL	protein-coding
b3529	pdeK	ECK3514|yhjK	protein-coding
b2663	gabP	ECK2657	protein-coding
b3536	bcsE	ECK3521|yhjS	protein-coding
b3535	yhjR	ECK3520|bcsR	protein-coding
b3534	bcsQ	ECK3519|yhjQ	pseudo
b3533	bcsA	ECK3518|yhjO|yhjP	protein-coding
b2245	yfaU	ECK2238	protein-coding
b2664	glaR	ECK2658|csiR|gabC|ygaE	protein-coding
b3540	dppF	ECK3527|dppE	protein-coding
b3539	yhjV	ECK3526	protein-coding
b3538	bcsG	ECK3523|yhjU	protein-coding
b3537	bcsF	ECK3522|yhjT	protein-coding
b2661	gabD	ECK2655	protein-coding
b3545	proK	ECK3532|proV	tRNA
b3544	dppA	ECK3531|alu|dpp|fpp	protein-coding
b3543	dppB	ECK3530	protein-coding
b3542	dppC	ECK3529	protein-coding
b3541	dppD	ECK3528	protein-coding
b3547	yhjX	ECK3534	protein-coding
b2662	gabT	ECK2656	protein-coding
b3546	eptB	ECK3533|yhjW	protein-coding
b2660	lhgD	ECK2654|lhgO|ygaF	protein-coding
b3556	cspA	ECK3543	protein-coding
b3555	yiaG	ECK3542	protein-coding
b3554	yiaF	ECK3541	protein-coding
b3548	yhjY	ECK3535	protein-coding
b3553	ghrB	ECK3540|tkrA|yiaE	protein-coding
b3552	yiaD	ECK3539	protein-coding
b2659	glaH	ECK2653|csi-12|csiD|ygaT	protein-coding
b3561	wecH	ECK3550|yiaH	protein-coding
b3562	yiaA	ECK3551	protein-coding
b3560	glyQ	ECK3548|cfcA|glyS(A)	protein-coding
b3559	glyS	ECK3547	protein-coding
b3558	insK	ECK3546|dinS|t150|yi5B	protein-coding
b3557	insJ	ECK3545|yi5A	protein-coding
b3568	xylH	ECK3557	protein-coding
b3574	plaR	ECK3563|yiaJ	protein-coding
b3573	ysaA	ECK3562|yiaI	protein-coding
b3569	xylR	ECK3558	protein-coding
b3572	avtA	ECK3561	protein-coding
b3571	malS	ECK3560	protein-coding
b3570	bax	ECK3559	protein-coding
b3566	xylF	ECK3555|xylT	protein-coding
b3579	yiaO	ECK3568	protein-coding
b3578	yiaN	ECK3567	protein-coding
b3577	yiaM	ECK3566	protein-coding
b3576	yiaL	ECK3565	protein-coding
b3575	yiaK	ECK3564	protein-coding
b3584	yiaT	ECK3573	protein-coding
b3581	sgbH	ECK3570|yiaQ	protein-coding
b3583	sgbE	ECK3572|yiaS	protein-coding
b3582	sgbU	ECK3571|yiaR	protein-coding
b3580	lyxK	ECK3569|lyx|sgbK|xylK|yiaP	protein-coding
b3589	yiaY	ECK3578	protein-coding
b3590	selB	ECK3579|fdhA	protein-coding
b3588	aldB	ECK3577|yiaX	protein-coding
b3587	yiaW	ECK3576	protein-coding
b3586	yiaV	ECK3575	protein-coding
b3585	yiaU	ECK3574	protein-coding
b3594	yibA	ECK3583	protein-coding
b3598	yibI	ECK3587	protein-coding
b3597	yibH	ECK3586	protein-coding
b3596	yibG	ECK3585	protein-coding
b3595	yibJ	ECK3584|rhsJ	pseudo
b3592	yibF	ECK3581	protein-coding
b3603	lldP	ECK3593|lct|lctP	protein-coding
b3602	yibL	ECK3592	protein-coding
b3601	mtlR	ECK3590	protein-coding
b3600	mtlD	ECK3589	protein-coding
b3599	mtlA	ECK3588|mtlC	protein-coding
b3606	trmL	ECK3596|yibK	protein-coding
b3593	rhsA	ECK3582	protein-coding
b3605	lldD	ECK3595|lct|lctD	protein-coding
b3604	lldR	ECK3594|lct|lctR	protein-coding
b3609	secB	ECK3599	protein-coding
b3591	selA	ECK3580|fdhA	protein-coding
b3608	gpsA	ECK3598	protein-coding
b3607	cysE	ECK3597	protein-coding
b3567	xylG	ECK3556	protein-coding
b3614	yibQ	ECK3604	protein-coding
b3613	envC	ECK3603|slm11|yibP	protein-coding
b3612	gpmM	ECK3602|gpmC|gpmI|pgmI|yibO	protein-coding
b3611	yibN	ECK3601	protein-coding
b3610	grxC	ECK3600|yibM	protein-coding
b3564	xylB	ECK3553	protein-coding
b3619	rfaD	ECK3609|hldD|htrM|nbsB|waaD	protein-coding
b3620	waaF	ECK3610|rfaF	protein-coding
b3621	waaC	ECK3611|rfa-2|rfaC|yibC	protein-coding
b3618	htrL	ECK3608|yibB	protein-coding
b3617	kbl	ECK3607	protein-coding
b3616	tdh	ECK3606	protein-coding
b3615	waaH	ECK3605|yibD	protein-coding
b3565	xylA	ECK3554	protein-coding
b3626	waaJ	ECK3616|rfaJ|waaR	protein-coding
b3627	waaO	ECK3617|rfaI|waaI	protein-coding
b3628	waaB	ECK3618|lps|rfaB|syn	protein-coding
b3625	waaY	ECK3615|rfaY	protein-coding
b3624	waaZ	ECK3614|rfaZ	protein-coding
b3623	waaU	ECK3613|rfaK	protein-coding
b3622	waaL	ECK3612|rfaL	protein-coding
b3631	waaG	ECK3621|rfaG	protein-coding
b3630	waaP	ECK3620|rfaP	protein-coding
b3629	waaS	ECK3619|rfaS	protein-coding
b3563	yiaB	ECK3552	protein-coding
b3645	dinD	ECK3635|pcsA|yicD	protein-coding
b3644	yicC	ECK3634	protein-coding
b3632	waaQ	ECK3622|rfaQ	protein-coding
b3643	rph	ECK3633	protein-coding
b3642	pyrE	ECK3632	protein-coding
b3641	slmA	ECK3631|ttk|yicB	protein-coding
b3650	spoT	ECK3640	protein-coding
b3649	rpoZ	ECK3639|spoS	protein-coding
b3651	trmH	ECK3641|spoU	protein-coding
b3652	recG	ECK3642|radC|spoV	protein-coding
b3648	gmk	ECK3638|spoR	protein-coding
b3647	ligB	ECK3637|yicF	protein-coding
b3646	yicG	ECK3636	protein-coding
b3653	gltS	ECK3643|gltC	protein-coding
b3658	selC	ECK3648|fdhC	tRNA
b3657	yicJ	ECK3647	protein-coding
b3656	yicI	ECK3646	protein-coding
b3655	yicH	ECK3645	protein-coding
b3654	xanP	ECK3644|yicE	protein-coding
b3663	yicN	ECK3654	protein-coding
b3664	adeQ	ECK3655|yicO	protein-coding
b3661	nlpA	ECK3651	protein-coding
b3660	yicL	ECK3650	protein-coding
b3659	setC	ECK3649|yicK	protein-coding
b3669	uhpA	ECK3660	protein-coding
b3674	yidF	ECK3665	protein-coding
b3673	emrD	ECK3664|yicQ	protein-coding
b3672	ivbL	ECK3663	protein-coding
b3671	ilvB	ECK3662	protein-coding
b3670	ilvN	ECK3661	protein-coding
b3667	uhpC	ECK3658	protein-coding
b3679	yidK	ECK3670	protein-coding
b3680	yidL	ECK3671	protein-coding
b3678	yidJ	ECK3669	protein-coding
b3677	yidI	ECK3668	protein-coding
b3676	yidH	ECK3667	protein-coding
b3675	yidG	ECK3666	protein-coding
b3686	ibpB	ECK3678|hslS|htpE	protein-coding
b3685	yidE	ECK3677|yibE	protein-coding
b3684	yidP	ECK3676	protein-coding
b3668	uhpB	ECK3659	protein-coding
b3691	dgoT	ECK3683|yidT	protein-coding
b3690	cbrA	ECK3682|yidS	protein-coding
b3689	yidR	ECK3681	protein-coding
b3688	yidQ	ECK3680|ecfI	protein-coding
b3687	ibpA	ECK3679|hslT|htpN	protein-coding
b3666	uhpT	ECK3657	protein-coding
b3696	yidX	ECK3688	protein-coding
b1431	ydcL	ECK1424	protein-coding
b3697	yidA	ECK3689	protein-coding
b3693	dgoK	ECK3686|yidV	protein-coding
b3700	recF	ECK3692|uvrF	protein-coding
b3665	adeD	ECK3656|ade|adu|yicP	protein-coding
b3699	gyrB	Cou|ECK3691|acrB|himB|hisU|hopA|nalC|parA|pcbA|pcpA	protein-coding
b3698	yidB	ECK3690	protein-coding
b3662	nepI	ECK3653|yicM	protein-coding
b3705	yidC	ECK3698	protein-coding
b3704	rnpA	ECK3696	protein-coding
b3703	rpmH	ECK3695|rimA|ssaF	protein-coding
b3702	dnaA	ECK3694	protein-coding
b3701	dnaN	ECK3693	protein-coding
b3710	mdtL	ECK3703|yidY	protein-coding
b3709	tnaB	ECK3702|tnaP|trpP	protein-coding
b3708	tnaA	ECK3701|ind|tnaR	protein-coding
b3706	mnmE	ECK3699|thdF|trmE	protein-coding
b3707	tnaC	ECK3700|tnaL	protein-coding
b3714	adeP	ECK3707|purP|yieG	protein-coding
b3713	yieF	ECK3706|chrR	protein-coding
b3712	yieE	ECK3705	protein-coding
b3711	yidZ	ECK3704	protein-coding
b3720	bglH	ECK3713|yieC	protein-coding
b3718	yieK	ECK3711	protein-coding
b3717	cbrC	ECK3710|yieJ	protein-coding
b3716	cbrB	ECK3709|yieI	protein-coding
b3715	yieH	ECK3708	protein-coding
b3724	phoU	ECK3717|phoT|pst	protein-coding
b3721	bglB	ECK3714|blgA	protein-coding
b3723	bglG	ECK3716|bglC	protein-coding
b3722	bglF	ECK3715|bglS	protein-coding
b3728	pstS	ECK3721|R2pho|T|nmpA|phoR2a|phoS	protein-coding
b3727	pstC	ECK3720|phoW	protein-coding
b3726	pstA	ECK3719|R2pho|phoR2|phoR2b|phoT	protein-coding
b3725	pstB	ECK3718|phoT	protein-coding
b3729	glmS	ECK3722	protein-coding
b3734	atpA	ECK3727|papA|uncA	protein-coding
b3733	atpG	ECK3726|papC|uncG	protein-coding
b3732	atpD	ECK3725|papB|uncD	protein-coding
b3731	atpC	ECK3724|papG|uncC	protein-coding
b3730	glmU	ECK3723|yieA	protein-coding
b3736	atpF	ECK3729|papF|uncF	protein-coding
b3741	mnmG	ECK3734|gidA|trmF	protein-coding
b3742	mioC	ECK3736|yieB	protein-coding
b3740	rsmG	ECK3733|gidB	protein-coding
b3739	atpI	ECK3732|uncI	protein-coding
b3738	atpB	ECK3731|papD|uncB	protein-coding
b3737	atpE	ECK3730|papH|uncE	protein-coding
b3735	atpH	ECK3728|papE|uncH	protein-coding
b3747	kup	ECK3741|trkD	protein-coding
b3746	ravA	ECK3740|yieN	protein-coding
b3745	viaA	ECK3739|yieD|yieD_1|yieD_2|yieM	protein-coding
b3744	asnA	ECK3738	protein-coding
b3743	asnC	ECK3737	protein-coding
b3752	rbsK	ECK3746	protein-coding
b3751	rbsB	ECK3745|prlB|rbsP	protein-coding
b3750	rbsC	ECK3744|rbsP|rbsT	protein-coding
b3755	yieP	ECK3749	protein-coding
b3749	rbsA	ECK3743|rbsP|rbsT	protein-coding
b3754	hsrA	ECK3748|yieO	protein-coding
b3753	rbsR	ECK3747	protein-coding
b3748	rbsD	ECK3742|rbsP	protein-coding
b3758	rrlC	ECK3752	rRNA
b2747	ispD	ECK2742|ygbP	protein-coding
b3756	rrsC	ECK3750	rRNA
b3757	gltU	ECK3751|tgtC	tRNA
b3719	yieL	ECK3712	protein-coding
b3759	rrfC	ECK3753	rRNA
b3764	maoP	ECK3757|yifE	protein-coding
b3761	trpT	ECK3755|su7|su8|su9|supU|supV	tRNA
b3760	aspT	ECK3754|tasC	tRNA
b3771	ilvD	ECK3763	protein-coding
b3770	ilvE	ECK3762	protein-coding
b3769	ilvM	ECK3761	protein-coding
b3765	yifB	ECK3758	protein-coding
b3766	ilvL	ECK3759	protein-coding
b3773	ilvY	ECK3765	protein-coding
b3775	ppiC	ECK3767|parvA	protein-coding
b3774	ilvC	ECK3766	protein-coding
b3772	ilvA	ECK3764|ile	protein-coding
b3782	rhoL	ECK3774	protein-coding
b3781	trxA	ECK3773|dasC|fipA|tsnC	protein-coding
b3780	rhlB	ECK3772|mmrA	protein-coding
b3779	gpp	ECK3771|gppA	protein-coding
b3778	rep	ECK3770|dasC|mbrA|mmrA	protein-coding
b3793	wzyE	ECK3786|rffT	protein-coding
b3792	wzxE	ECK3784|wzx|yifJ	protein-coding
b0012	mbiA	ECK0012|htgA|htpY	protein-coding
b3791	wecE	ECK3783|fcnA|rff|rffA|yifI	protein-coding
b3783	rho	ECK3775|nitA|nusD|psu|psuA|rnsC|sbaA|sun|tsu	protein-coding
b3790	rffC	ECK3782|rff|wecD|yifH	protein-coding
b3789	rffH	ECK3781|yifG	protein-coding
b3788	rffG	ECK3780|rff	protein-coding
b3794	rffM	ECK3787|rff|wecG	protein-coding
b0579	ybdF	ECK0571	protein-coding
b3799	proM	ECK3792|proU	tRNA
b3798	leuT	ECK3791	tRNA
b3797	hisR	ECK3790|hisT	tRNA
b0938	elfA	ECK0929|ycbQ	protein-coding
b3821	pldA	ECK3815	protein-coding
b1564	relB	ECK1558|RC	protein-coding
b3827	bioP	ECK3821|yigM	protein-coding
b3828	metR	ECK3822	protein-coding
b3802	hemY	ECK3796	protein-coding
b2472	dapE	ECK2467|msgB	protein-coding
b3825	pldB	ECK3819	protein-coding
b1841	yobA	ECK1842	protein-coding
b3824	rhtB	ECK3818|yigK	protein-coding
b3823	rhtC	ECK3817|yigJ	protein-coding
b3822	recQ	ECK3816	protein-coding
b3838	tatB	ECK3831|mttA2|ysgB	protein-coding
b3830	ysgA	ECK3824	protein-coding
b3836	tatA	ECK3830|mttA1|yigT	protein-coding
b3835	ubiB	ECK3829|aarF|yigQ|yigR|yigS	protein-coding
b3829	metE	ECK3823|metB12	protein-coding
b3845	fadA	ECK3837|oldA	protein-coding
b3844	fre	ECK3836|fadI|flrD|fsrC	protein-coding
b3843	ubiD	ECK3835|yigC|yigY	protein-coding
b3842	rfaH	ECK3834|hlyT|sfrB	protein-coding
b3839	tatC	ECK3832|mttB|yigU|yigV	protein-coding
b1843	yobB	ECK1844	protein-coding
b3819	rarD	ECK3813|yigH	protein-coding
b3850	hemG	ECK3842|yihB	protein-coding
b3851	rrsA	ECK3843	rRNA
b3849	trkH	ECK3841	protein-coding
b3848	yigZ	ECK3840	protein-coding
b3847	pepQ	ECK3839	protein-coding
b3846	fadB	ECK3838|oldB	protein-coding
b3853	alaT	ECK3845|talA	tRNA
b3820	yigI	ECK3814	protein-coding
b3852	ileT	ECK3844|tilA	tRNA
b3817	yigF	ECK3811	protein-coding
b3854	rrlA	ECK3846	rRNA
b0517	allD	ECK0510|glxB8|ylbC	protein-coding
b3856	mobB	ECK3848|yihC	protein-coding
b3818	yigG	ECK3812	protein-coding
b3855	rrfA	ECK3847	rRNA
b3859	srkA	ECK3851|orfA|yihE	protein-coding
b3813	uvrD	ECK3808|dar-2|dda|mutU|pdeB|rad|recL|srjC|uvr502|uvrE	protein-coding
b3858	yihD	ECK3850	protein-coding
b3857	mobA	ECK3849|chlB|mob|narB	protein-coding
b3862	yihG	ECK3854	protein-coding
b3816	corA	ECK3810	protein-coding
b3861	yihF	ECK3853	protein-coding
b3860	dsbA	ECK3852|dsf|iarA|ppfA	protein-coding
b3864	spf	ECK3856	ncRNA
b3811	xerC	ECK3806	protein-coding
b3863	polA	ECK3855|resA	protein-coding
b3812	yigB	ECK3807	protein-coding
b3865	yihA	ECK3857|engB	protein-coding
b3810	yigA	ECK3805	protein-coding
b3869	glnL	ECK3862|glnR|ntrB	protein-coding
b3868	glnG	ECK3861|glnT|ntrC	protein-coding
b3867	hemN	ECK3860|yihJ	protein-coding
b3866	yihI	ECK3859	protein-coding
b3809	dapF	ECK3804	protein-coding
b3874	yihN	ECK3867	protein-coding
b3875	ompL	ECK3868|yshA	protein-coding
b3873	yihM	ECK3866	protein-coding
b3872	yihL	ECK3865	protein-coding
b3871	bipA	ECK3864|typA|yihK	protein-coding
b3870	glnA	ECK3863	protein-coding
b3877	yihP	ECK3870	protein-coding
b3882	yihU	ECK3875|squU	protein-coding
b3881	yihT	ECK3874|squT	protein-coding
b3880	yihS	ECK3873|squS	protein-coding
b3879	yihR	ECK3872|squR	protein-coding
b3878	yihQ	ECK3871|squQ	protein-coding
b3876	yihO	ECK3869|squO	protein-coding
b3887	dtd	ECK3880|yihZ	protein-coding
b3886	yihY	ECK3879|rbn	protein-coding
b3885	yihX	ECK3878	protein-coding
b3884	csqR	ECK3877|yihW	protein-coding
b3883	yihV	ECK3876|squV	protein-coding
b3892	fdoI	ECK3885	protein-coding
b3891	fdhE	ECK3884	protein-coding
b3890	yiiF	ECK3883	protein-coding
b3889	yiiE	ECK3882	protein-coding
b3888	fabY	ECK3881|yiiD	protein-coding
b3898	frvX	ECK3891|yiiI	protein-coding
b3897	frvR	ECK3890|yiiH	protein-coding
b3899	frvB	ECK3892|yiiJ	protein-coding
b3900	frvA	ECK3893|yiiK	protein-coding
b3896	yiiG	ECK3889	protein-coding
b3895	fdhD	ECK3888	protein-coding
b3894	fdoG	ECK3887	protein-coding
b3893	fdoH	ECK3886	protein-coding
b3906	rhaR	ECK3899|rhaC1	protein-coding
b3905	rhaS	ECK3898|rhaC2	protein-coding
b3907	rhaT	ECK3900	protein-coding
b3904	rhaB	ECK3897	protein-coding
b3903	rhaA	ECK3896	protein-coding
b3902	rhaD	ECK3895	protein-coding
b3901	rhaM	ECK3894|yiiL	protein-coding
b3908	sodA	ECK3901	protein-coding
b3912	cpxR	ECK3905|yiiA	protein-coding
b3911	cpxA	ECK3904|ecf|ecfB|eup|rssE|ssd	protein-coding
b3910	yiiM	ECK3903	protein-coding
b3909	kdgT	ECK3902	protein-coding
b3920	yiiQ	ECK3912	protein-coding
b3919	tpiA	ECK3911|tpi	protein-coding
b3918	cdh	ECK3910	protein-coding
b3917	sbp	ECK3909	protein-coding
b3916	pfkA	ECK3908	protein-coding
b3915	fieF	ECK3907|yiiP	protein-coding
b3924	fpr	ECK3916|flxR|mvrA	protein-coding
b3923	uspD	ECK3915|yiiT	protein-coding
b3922	yiiS	ECK3914	protein-coding
b3921	yiiR	ECK3913	protein-coding
b3930	menA	ECK3922|yiiW	protein-coding
b3929	rraA	ECK3921|menG|yiiV	protein-coding
b3928	zapB	ECK3920|yiiU	protein-coding
b1139	lit	ECK1125	protein-coding
b3927	glpF	ECK3919	protein-coding
b3926	glpK	ECK3918	protein-coding
b3925	glpX	ECK3917	protein-coding
b3936	rpmE	ECK3928	protein-coding
b3935	priA	ECK3927|srgA	protein-coding
b3934	cytR	ECK3926	protein-coding
b3933	ftsN	ECK3925|msgA	protein-coding
b3932	hslV	ECK3924|clpQ|htpO|yiiC	protein-coding
b3931	hslU	ECK3923|clpY|htpI	protein-coding
b3942	katG	ECK3934	protein-coding
b3941	metF	ECK3933	protein-coding
b3940	metL	ECK3932|metM	protein-coding
b3939	metB	ECK3931|met-1	protein-coding
b3938	metJ	ECK3930	protein-coding
b3937	yiiX	ECK3929	protein-coding
b3947	ptsA	ECK3939|frwA|pt1A|yijH	protein-coding
b0306	ykgE	ECK0305	protein-coding
b3946	fsaB	ECK3938|talC|yijG	protein-coding
b3945	gldA	ECK3937	protein-coding
b3944	yijF	ECK3936	protein-coding
b0543	emrE	ECK0534|eb|mvrC	protein-coding
b0881	clpS	ECK0872|yljA	protein-coding
b1413	hrpA	ECK1406	protein-coding
b3943	yijE	ECK3935	protein-coding
b3803	hemX	ECK3797	protein-coding
b3950	frwB	ECK3941|yijK	protein-coding
b3949	frwC	ECK3940|yijJ	protein-coding
b0022	insA1	ECK0023	protein-coding
b3954	yijO	ECK3945	protein-coding
b3953	frwD	ECK3944|yijN	protein-coding
b3952	pflC	ECK3943|yijM	protein-coding
b3951	pflD	ECK3942|yijL	protein-coding
b3958	argC	Arg2|ECK3949	protein-coding
b3957	argE	ECK3948	protein-coding
b3956	ppc	ECK3947|asp|glu	protein-coding
b3955	eptC	ECK3946|yijP	protein-coding
b3964	yijD	ECK3956	protein-coding
b3963	fabR	ECK3955|yijC	protein-coding
b3962	sthA	ECK3954|sth|udhA	protein-coding
b3961	oxyR	ECK3953|momR|mor	protein-coding
b3960	argH	ECK3951	protein-coding
b3959	argB	ECK3950	protein-coding
b3969	gltT	ECK3961|tgtB	tRNA
b3968	rrsB	ECK3960	rRNA
b3967	murI	ECK3959|dga|glr|yijA	protein-coding
b3966	btuB	ECK3958|bfe|cer	protein-coding
b3973	birA	ECK3965|bioR|dhbB	protein-coding
b3972	murB	ECK3964|yijB	protein-coding
b3971	rrfB	ECK3963	rRNA
b0122	yacC	ECK0121	protein-coding
b3970	rrlB	ECK3962	rRNA
b3977	tyrU	ECK3968|sup15B|supM|supZ	tRNA
b3808	yzcX	ECK3802	protein-coding
b3976	thrU	ECK3967	tRNA
b1034	ycdX	ECK1020	protein-coding
b3974	coaA	ECK3966|panK|rts|ts-9	protein-coding
b3979	thrT	ECK3970	tRNA
b3978	glyT	ECK3969|sumA|sup15B|supA36	tRNA
b3980	tufB	ECK3971|kirT|pulT	protein-coding
b3984	rplA	ECK3975|rpy	protein-coding
b3983	rplK	ECK3974|relC	protein-coding
b3982	nusG	ECK3973	protein-coding
b3981	secE	ECK3972|mbrC|prlG	protein-coding
b3988	rpoC	ECK3979|tabB	protein-coding
b3987	rpoB	ECK3978|ftsR|groN|nitB|rif|ron|sdgB|stl|stv|tabD	protein-coding
b3986	rplL	ECK3977	protein-coding
b3985	rplJ	ECK3976	protein-coding
b3993	thiE	ECK3985|thiA	protein-coding
b3994	thiC	ECK3986	protein-coding
b3991	thiG	ECK3982|thiB	protein-coding
b3990	thiH	ECK3981|thiB	protein-coding
b3989	yjaZ	ECK3980|htrC	protein-coding
b3995	rsd	ECK3987|yjaE	protein-coding
b3997	hemE	ECK3989	protein-coding
b3996	nudC	ECK3988|yjaD	protein-coding
b4000	hupA	ECK3992	protein-coding
b3992	thiF	ECK3984|thiA	protein-coding
b3999	yjaG	ECK3991	protein-coding
b3998	nfi	ECK3990|yjaF	protein-coding
b4006	purH	ECK3998	protein-coding
b4005	purD	ECK3997|adth|adth(a)	protein-coding
b4004	zraR	ECK3996|hydG	protein-coding
b4003	zraS	ECK3995|hydH	protein-coding
b4002	zraP	ECK3994|yjaI|zra	protein-coding
b4001	yjaH	ECK3993	protein-coding
b4009	rrlE	ECK4001	rRNA
b4008	gltV	ECK4000|tgtE	tRNA
b4007	rrsE	ECK3999	rRNA
b4014	aceB	ECK4006|mas	protein-coding
b4013	metA	ECK4005	protein-coding
b4012	yjaB	ECK4004	protein-coding
b4011	yjaA	ECK4003	protein-coding
b4010	rrfE	ECK4002	rRNA
b4015	aceA	ECK4007|icl	protein-coding
b4023	yjbD	ECK4015	protein-coding
b4022	rluF	ECK4014|yjbC	protein-coding
b4021	pepE	ECK4013	protein-coding
b4020	yjbB	ECK4012	protein-coding
b4019	metH	ECK4011	protein-coding
b0059	rapA	ECK0060|hepA|yabA	protein-coding
b4018	iclR	ECK4010	protein-coding
b1106	thiK	ECK1092|ycfN	protein-coding
b4028	yjbG	ECK4020	protein-coding
b4029	yjbH	ECK4021	protein-coding
b4030	psiE	ECK4022|yjbA	protein-coding
b4031	xylE	ECK4023	protein-coding
b4032	malG	ECK4024	protein-coding
b4024	lysC	ECK4016|apk	protein-coding
b4033	malF	ECK4025	protein-coding
b4027	yjbF	ECK4019	protein-coding
b4026	yjbE	ECK4018	protein-coding
b4025	pgi	ECK4017	protein-coding
b1105	lpoB	ECK1091|ycfM	protein-coding
b4035	malK	ECK4027|malB	protein-coding
b4034	malE	ECK4026	protein-coding
b1104	ycfL	ECK1090	protein-coding
b4040	ubiA	ECK4032|cyr	protein-coding
b4041	plsB	ECK4033	protein-coding
b0159	mtn	ECK0158|mtnN|pfs|yadA	protein-coding
b4042	dgkA	ECK4034	protein-coding
b4043	lexA	ECK4035|exrA|spr|tsl|umuA	protein-coding
b4039	ubiC	ECK4031	protein-coding
b4038	yjbI	ECK4030	pseudo
b4037	malM	ECK4029|molA	protein-coding
b4036	lamB	ECK4028|malB|malL	protein-coding
b1103	hinT	ECK1089|ycfF	protein-coding
b4048	yjbM	ECK4040	protein-coding
b4047	yjbL	ECK4039	protein-coding
b4046	zur	ECK4038|yjbK|znuR	protein-coding
b4045	yjbJ	ECK4037	protein-coding
b4044	dinF	ECK4036	protein-coding
b4052	dnaB	ECK4044|groP|grpA|grpD	protein-coding
b4051	qorA	ECK4043|hcz|hzc|qor	protein-coding
b4050	pspG	ECK4042|yjbO	protein-coding
b4049	dusA	ECK4041|yjbN	protein-coding
b4058	uvrA	ECK4050|dar|dinE	protein-coding
b4057	yjbR	ECK4049	protein-coding
b4056	yjbQ	ECK4048	protein-coding
b4055	aphA	ECK4047|hobH|yjbP	protein-coding
b4054	tyrB	ECK4046	protein-coding
b4053	alr	ECK4045|alr5	protein-coding
b4064	ghxP	ECK4057|yjcD	protein-coding
b4063	soxR	ECK4055|marC	protein-coding
b4062	soxS	ECK4054	protein-coding
b4061	pdeC	ECK4053|yjcC	protein-coding
b4060	yjcB	ECK4052	protein-coding
b4059	ssb	ECK4051|exrB|lexC	protein-coding
b4070	nrfA	ECK4063	protein-coding
b4069	acs	ECK4062|acsA|yfaC	protein-coding
b4071	nrfB	ECK4064|yjcI	protein-coding
b4068	yjcH	ECK4061	protein-coding
b4067	actP	ECK4060|yjcG	protein-coding
b4066	yjcF	ECK4059	protein-coding
b4065	yjcE	ECK4058	protein-coding
b4075	nrfF	ECK4068|yjcM	protein-coding
b4074	nrfE	ECK4067|yjcL	protein-coding
b4073	nrfD	ECK4066|yjcK	protein-coding
b4072	nrfC	ECK4065|yjcJ	protein-coding
b4081	mdtO	ECK4074|sdsQ|yjcQ	protein-coding
b4080	mdtP	ECK4073|sdsP|yjcP	protein-coding
b4079	fdhF	ECK4072|chlF	protein-coding
b0393	rdgC	ECK0388|yaiD	protein-coding
b4078	yjcO	ECK4071	protein-coding
b3804	hemD	ECK3798	protein-coding
b3251	mreB	ECK3239|envB|mon|mreB_1|rodY	protein-coding
b1315	ycjS	ECK1310	protein-coding
b0044	fixX	ECK0045|yaaT	protein-coding
b4077	gltP	ECK4070	protein-coding
b4076	nrfG	ECK4069|aidC|yjcN	protein-coding
b4087	alsA	ECK4080|yjcW	protein-coding
b4086	alsC	ECK4079|yjcV	protein-coding
b4085	alsE	ECK4078|yjcU	protein-coding
b4084	alsK	ECK4077|yjcT	protein-coding
b4083	yjcS	ECK4076	protein-coding
b4082	mdtN	ECK4075|sdsR|yjcR	protein-coding
b4093	phnO	ECK4086	protein-coding
b4092	phnP	ECK4085	protein-coding
b4090	rpiB	ECK4083|alsI|yjcA	protein-coding
b4089	alsR	ECK4082|rpiR|yjcY	protein-coding
b4088	alsB	ECK4081|yjcX	protein-coding
b4099	phnI	ECK4092	protein-coding
b4098	phnJ	ECK4091	protein-coding
b3640	dut	ECK3630|dnaS|sof	protein-coding
b4094	phnN	ECK4087	protein-coding
b4399	creC	ECK4391|phoM	protein-coding
b2532	trmJ	ECK2529|yfhQ	protein-coding
b4097	phnK	ECK4090	protein-coding
b4096	phnL	ECK4089	protein-coding
b4095	phnM	ECK4088	protein-coding
b2995	hybB	ECK2989	protein-coding
b1562	hokD	ECK1556|relF	protein-coding
b4102	phnF	ECK4095	protein-coding
b4101	phnG	ECK4094	protein-coding
b4100	phnH	ECK4093	protein-coding
b4109	rdcA	ECK4102|crfC|yjdA	protein-coding
b4108	yjdM	ECK4101|phnA	protein-coding
b4107	yjdN	ECK4100|phnB	protein-coding
b4106	phnC	ECK4099	protein-coding
b4105	phnD	ECK4098|phn|psiD	protein-coding
b4111	proP	ECK4104	protein-coding
b4116	adiY	ECK4109	protein-coding
b4115	adiC	ECK4108|yjdD|yjdE	protein-coding
b4114	eptA	ECK4107|yjdB	protein-coding
b2647	ypjA	ECK2644	protein-coding
b4113	basR	ECK4106|pmrA	protein-coding
b4112	basS	ECK4105|dgkR|pmrB	protein-coding
b4110	rdcB	ECK4103|yjcZ	protein-coding
b4121	yjdF	ECK4114	protein-coding
b4120	melB	ECK4113|mel-4	protein-coding
b4119	melA	ECK4112|mel-7	protein-coding
b4118	melR	ECK4111	protein-coding
b4117	adiA	ECK4110|adi	protein-coding
b4125	dcuS	ECK4118|yjdH	protein-coding
b4124	dcuR	ECK4117|yjdG	protein-coding
b4123	dcuB	ECK4116|genF	protein-coding
b4122	fumB	ECK4115	protein-coding
b4131	cadA	ECK4125|ldcI	protein-coding
b4130	dtpC	ECK4124|yjdL	protein-coding
b4129	lysU	ECK4123	protein-coding
b4128	ghoS	ECK4121|yjdK	protein-coding
b4127	yjdJ	ECK4120	protein-coding
b4126	yjdI	ECK4119	protein-coding
b4136	dsbD	ECK4130|cutA2|cycZ|dipZ|htrI	protein-coding
b4135	dicD	ECK4129|cutA3|yjdC	protein-coding
b4134	pheU	ECK4128|pheR|pheW	tRNA
b1187	fadR	ECK1175|dec|ole|oleR|thdB	protein-coding
b4133	cadC	ECK4127	protein-coding
b4132	cadB	ECK4126	protein-coding
b4142	groS	ECK4136|groES|mopB	protein-coding
b4141	yjeH	ECK4135	protein-coding
b4140	fxsA	ECK4134|yjeG	protein-coding
b4139	aspA	ECK4133	protein-coding
b4138	dcuA	ECK4132|genA	protein-coding
b4137	cutA	ECK4131|cutA1	protein-coding
b4147	efp	ECK4141	protein-coding
b4146	epmB	ECK4140|yjeK	protein-coding
b4145	yjeJ	ECK4139	protein-coding
b4144	yjeI	ECK4138	protein-coding
b4143	groL	ECK4137|groEL|mopA	protein-coding
b4153	frdB	ECK4149	protein-coding
b4154	frdA	ECK4150	protein-coding
b4151	frdD	ECK4147	protein-coding
b4150	ampC	ECK4146|ampA	protein-coding
b4149	blc	ECK4145|yjeL	protein-coding
b4148	gdx	ECK4144|sugE	protein-coding
b4155	epmA	ECK4151|genX|poxA|yjeA	protein-coding
b4160	psd	ECK4156	protein-coding
b4161	rsgA	ECK4157|yjeQ	protein-coding
b4162	orn	ECK4158|yjeR	protein-coding
b4159	mscM	ECK4155|yjeP	protein-coding
b4158	yjeO	ECK4154	protein-coding
b4157	yjeN	ECK4153	protein-coding
b4156	yjeM	ECK4152	protein-coding
b4152	frdC	ECK4148	protein-coding
b4164	glyX	ECK4160|glyVbeta	tRNA
b4163	glyV	ECK4159|glyValpha|ins|mutA|suA58|suA78	tRNA
b4169	amiB	ECK4165|yjeD	protein-coding
b4168	tsaE	ECK4164|yjeE	protein-coding
b4167	nnr	ECK4163|yjeF	protein-coding
b4166	queG	ECK4162|yjeS	protein-coding
b4165	glyY	ECK4161|glyVgamma	tRNA
b4173	hflX	ECK4169|hflA|hslX	protein-coding
b4172	hfq	ECK4168	protein-coding
b4171	miaA	ECK4167|trpX	protein-coding
b4170	mutL	ECK4166	protein-coding
b4179	rnr	ECK4175|vacB|yjeC	protein-coding
b4178	nsrR	ECK4174|yjeB	protein-coding
b4180	rlmB	ECK4176|yjfH	protein-coding
b4177	purA	ECK4173|adeK	protein-coding
b4176	yjeT	ECK4172	protein-coding
b4175	hflC	ECK4171|hflA	protein-coding
b4174	hflK	ECK4170|hflA|hslY	protein-coding
b4186	yjfC	ECK4182	protein-coding
b4185	yjfM	ECK4181	protein-coding
b4184	yjfL	ECK4180	protein-coding
b4183	yjfK	ECK4179	protein-coding
b4182	yjfJ	ECK4178	protein-coding
b4181	yjfI	ECK4177	protein-coding
b4192	ulaG	ECK4188|yjfR	protein-coding
b4191	ulaR	ECK4187|yjfQ	protein-coding
b4190	yjfP	ECK4186	protein-coding
b4189	bsmA	ECK4185|yjfO	protein-coding
b4188	yjfN	ECK4184	protein-coding
b4187	aidB	ECK4183	protein-coding
b4198	ulaF	ECK4194|sgaE|yjfX	protein-coding
b4197	ulaE	ECK4193|sgaU|yjfW	protein-coding
b4199	yjfY	ECK4195	protein-coding
b4196	ulaD	ECK4192|sgaH|yjfV	protein-coding
b4195	ulaC	ECK4191|ptxA|sgaA|yjfU	protein-coding
b4194	ulaB	ECK4190|sgaB|yjfT	protein-coding
b4193	ulaA	ECK4189|sgaT|yjfS	protein-coding
b4205	ytfA	ECK4201	pseudo
b4204	yjfZ	ECK4200	protein-coding
b4203	rplI	ECK4199	protein-coding
b4202	rpsR	ECK4198	protein-coding
b4201	priB	ECK4197	protein-coding
b4200	rpsF	ECK4196|sdgH	protein-coding
b4209	ytfE	ECK4205|dnrN	protein-coding
b4208	cycA	ECK4204|dagA|ytfD	protein-coding
b4207	fklB	ECK4203|ytfC	protein-coding
b4206	ytfB	ECK4202	protein-coding
b4214	cysQ	ECK4210|amt|amtA	protein-coding
b4213	cpdB	ECK4209	protein-coding
b4212	ytfH	ECK4208	protein-coding
b4211	qorB	ECK4207|ytfG	protein-coding
b4210	ytfF	ECK4206	protein-coding
b4220	tamA	ECK4216|ytfM	protein-coding
b4219	msrA	ECK4215|pms|pmsR	protein-coding
b4218	paeA	ECK4214|ytfL	protein-coding
b4217	ytfK	ECK4213	protein-coding
b4216	ytfJ	ECK4212|ecfJ	protein-coding
b4215	ytfI	ECK4211	protein-coding
b4224	chpS	ECK4220|chpBI|yjfB	protein-coding
b4222	ytfP	ECK4218	protein-coding
b4221	tamB	ECK4217|ytfN|ytfO	protein-coding
b4230	ytfT	ECK4225	protein-coding
b4227	ytfQ	ECK4223	protein-coding
b4225	chpB	ECK4221|chpBK|yjfE	protein-coding
b4226	ppa	ECK4222	protein-coding
b1674	ydhY	ECK1670	protein-coding
b4235	tldE	ECK4230|mcb|pmbA	protein-coding
b4234	yjgA	ECK4229	protein-coding
b4233	mpl	ECK4228|tpl|yjfG	protein-coding
b4232	fbp	ECK4227|fdp	protein-coding
b4231	yjfF	ECK4226	protein-coding
b4238	nrdD	ECK4233	protein-coding
b1673	ydhV	ECK1669	protein-coding
b4237	nrdG	ECK4232|yjgE	protein-coding
b4236	cybC	ECK4231|cytochrome b562	pseudo
b0293	ecpA	ECK0292|matB|yagZ	protein-coding
b4241	treR	ECK4236	protein-coding
b4240	treB	ECK4235	protein-coding
b4239	treC	ECK4234|olgH|treE	protein-coding
b4244	pyrI	ECK4239	protein-coding
b4249	bdcA	ECK4243|yjgI	protein-coding
b2523	pepB	ECK2520|yfhI	protein-coding
b4245	pyrB	ECK4240	protein-coding
b4246	pyrL	ECK4241|pyrE-|pyrE-LP	protein-coding
b4248	yjgH	ECK4242	protein-coding
b4243	ridA	ECK4238|yjgF	protein-coding
b4256	yjgM	ECK4249	protein-coding
b4255	rraB	ECK4248|yjgD	protein-coding
b4254	argI	ECK4247	protein-coding
b4251	bdcR	ECK4244|yjgJ	protein-coding
b4253	yjgL	ECK4246	protein-coding
b4252	tabA	ECK4245|yjgK	protein-coding
b4242	mgtA	ECK4237|atmA|corB|mgt|mtg	protein-coding
b4273	insD6	ECK0358|yi22-6	protein-coding
b4272	insC6	ECK0357|yi21-6	protein-coding
b4271	intB	ECK4264|int(P4)|yjgC	pseudo
b2196	ccmF	ECK2188|yejR	protein-coding
b4257	yjgN	ECK4250	protein-coding
b4258	valS	ECK4251|val-act	protein-coding
b4259	holC	ECK4252	protein-coding
b3784	wecA	ECK3776|rfe	protein-coding
b4260	pepA	ECK4253|carP|xerB	protein-coding
b0142	folK	ECK0141	protein-coding
b0077	ilvI	ECK0079	protein-coding
b1475	fdnH	ECK1469	protein-coding
b4261	lptF	ECK4254|yjgP	protein-coding
b1541	ydfZ	ECK1534	protein-coding
b0564	appY	ECK0556	protein-coding
b4265	idnT	ECK4258|gntW|yjgT	protein-coding
b0483	ybaQ	ECK0477	protein-coding
b1565	ydfV	ECK1559	protein-coding
b4269	ahr	ECK4262|yjgB	protein-coding
b4270	leuX	ECK4263|Su-6|supP	tRNA
b4277	yjgZ	ECK4267	protein-coding
b4278	insG	ECK4268|yi41	protein-coding
b0292	ecpB	ECK0291|matC|yagY	protein-coding
b4279	nanX	ECK4269|yjhB	protein-coding
b4280	nanY	ECK4270|yjhC	protein-coding
b4281	yjhD	ECK4271	pseudo
b4282	yjhE	ECK4272	pseudo
b4363	yjjB	ECK4353	protein-coding
b4364	yjjP	ECK4354	protein-coding
b4362	dnaT	ECK4352	protein-coding
b4284	insI3	ECK0258|tra8-3	protein-coding
b2343	yfcZ	ECK2337	protein-coding
b4286	yjhV	ECK4276	pseudo
b4287	fecE	ECK4277	protein-coding
b1420	mokB	ECK1413	protein-coding
b2350	yfdG	ECK2344|gtrA	protein-coding
b2354	yfdK	ECK2348	protein-coding
b2342	fadI	ECK2336|yfcY	protein-coding
b1922	fliA	ECK1921|flaD|rpoF	protein-coding
b4298	yjhH	ECK4287	protein-coding
b4289	fecC	ECK4279	protein-coding
b4295	yjhU	ECK4284	protein-coding
b2364	dsdC	ECK2360	protein-coding
b4301	sgcE	ECK4290|yjhK	protein-coding
b4294	insA7	ECK0023	protein-coding
b4302	sgcA	ECK4291|yjhL	protein-coding
b4312	fimB	ECK4303|pil	protein-coding
b1920	tcyJ	ECK1919|fliY|ssi7|yzzR	protein-coding
b4303	sgcQ	ECK4292|yjhM	protein-coding
b4309	nanS	ECK4300|yjhS	protein-coding
b4313	fimE	ECK4304|hyp|pilH	protein-coding
b4334	yjiL	ECK4325	protein-coding
b4314	fimA	ECK4305|fimD|pilA	protein-coding
b0249	ykfF	ECK0251	protein-coding
b4305	sgcX	ECK4295|yjhO	protein-coding
b4315	fimI	ECK4306	protein-coding
b2377	yfdY	ECK2373	protein-coding
b4316	fimC	ECK4307|pilB	protein-coding
b4317	fimD	ECK4308|fimD_1|fimD_2	protein-coding
b4318	fimF	ECK4309	protein-coding
b4319	fimG	ECK4310	protein-coding
b4320	fimH	ECK4311|pilE	protein-coding
b4321	gntP	ECK4312|yjiB	protein-coding
b4324	uxuR	ECK4315	protein-coding
b4325	yjiC	ECK4316	protein-coding
b4326	iraD	ECK4317|yjiD	protein-coding
b4327	hypT	ECK4318|qseD|yjiE	protein-coding
b4328	iadA	ECK4319|yjiF	protein-coding
b4329	yjiG	ECK4320	protein-coding
b1637	tyrS	ECK1633	protein-coding
b4330	yjiH	ECK4321	protein-coding
b2976	glcB	ECK2970|glc	protein-coding
b4331	kptA	ECK4322|yjiI	protein-coding
b4332	yjiJ	ECK4323	protein-coding
b4336	yjiN	ECK4327	protein-coding
b4337	mdtM	ECK4328|yjiO	protein-coding
b0456	ybaA	ECK0450	protein-coding
b4361	dnaC	ECK4351|dnaD	protein-coding
b1422	ydcI	ECK1416	protein-coding
b4348	hsdS	ECK4338|hsp|hss|rm	protein-coding
b4400	creD	ECK4392|cet|refII	protein-coding
b0109	nadC	ECK0108	protein-coding
b1609	rstB	ECK1604|uspT	protein-coding
b4349	hsdM	ECK4339|hsm|hsp	protein-coding
b4368	leuV	ECK4359|leuValpha	tRNA
b4401	arcA	ECK4393|cpxC|dye|fexA|msp|seg|sfrA	protein-coding
b4369	leuP	ECK4360|leuV-beta|leuVbeta	tRNA
b0458	ylaC	ECK0452	protein-coding
b0110	ampD	ECK0109	protein-coding
b4350	hsdR	ECK4340|hsp|hsr	protein-coding
b4356	lgoT	ECK4346|yjiZ|yjjL	protein-coding
b4345	mcrC	ECK4335	protein-coding
b4357	lgoR	ECK4347|yjjM	protein-coding
b4352	yjiA	ECK4342	protein-coding
b4358	lgoD	ECK4348|yjjN	protein-coding
b4355	tsr	ECK4345|cheD	protein-coding
b2491	hyfR	ECK2487	protein-coding
b4360	yjjA	ECK4350	protein-coding
b4359	opgB	ECK4349|mdoB|yjjO	protein-coding
b4366	bglJ	ECK4356|yjjR	protein-coding
b4372	holD	ECK4363	protein-coding
b4367	fhuF	ECK4357|yjjS	protein-coding
b4371	rsmC	ECK4362|yjjT	protein-coding
b4370	leuQ	ECK4361|leuVgamma	tRNA
b4373	rimI	ECK4364	protein-coding
b4376	osmY	ECK4367|csi-5	protein-coding
b4365	yjjQ	ECK4355	protein-coding
b4375	prfC	ECK4366|miaD|tos	protein-coding
b4351	mrr	ECK4341	protein-coding
b4374	yjjG	ECK4365	protein-coding
b0737	tolQ	ECK0726|fii|tolP	protein-coding
b4382	deoA	ECK4374|TP|tpp|ttg	protein-coding
b4381	deoC	ECK4373|dra|thyR|tlr	protein-coding
b4341	yjiS	ECK4332	protein-coding
b4380	yjjI	ECK4372|yjjH	protein-coding
b4379	yjjW	ECK4371	protein-coding
b4377	yjjU	ECK4369	protein-coding
b0736	ybgC	ECK0725	protein-coding
b4392	slt	ECK4384|sltY	protein-coding
b4391	ettA	ECK4383|yjjK	protein-coding
b4383	deoB	ECK4375|drm|thyR|tlr	protein-coding
b4390	nadR	ECK4382|nadI	protein-coding
b4389	radA	ECK4381|sms	protein-coding
b4388	serB	ECK4380	protein-coding
b4354	btsT	ECK4344|yjiY	protein-coding
b3834	ubiJ	ECK3828|yigP	protein-coding
b4396	rob	ECK4388|cbpB|robA	protein-coding
b4393	trpR	ECK4385|rtrY	protein-coding
b4395	ytjC	ECK4387|gpmB	protein-coding
b4394	yjjX	ECK4386	protein-coding
b4397	creA	ECK4389|yjjD	protein-coding
b4398	creB	ECK4390|ORF2|yjjE	protein-coding
b4460	araH	ECK1897|b1898|b1899	protein-coding
b4403	yjtD	ECK4395|lasT	protein-coding
b4402	yjjY	ECK4394	protein-coding
b3833	ubiE	ECK3827|yigO	protein-coding
b1003	yccJ	ECK0994	protein-coding
b2703	srlE	ECK2698|gutA|gutE|sbl|srlA|srlA-2	protein-coding
b4494	arpB	ECK1718|b1720|b1721|ydiW|ydiX	pseudo
b2705	srlD	ECK2700|gutD	protein-coding
b2706	gutM	ECK2701|gut|srlM	protein-coding
b0042	fixB	ECK0043|yaaR	protein-coding
b2707	srlR	ECK2702|gutR	protein-coding
b4513	kdpF	ECK0687	protein-coding
b1831	proQ	ECK1830|yebJ|yobE|yoeC	protein-coding
b0457	pdeB	ECK0451|ylaB	protein-coding
b4592	appX	ECK4402|cbdX|yccB	protein-coding
b4490	efeU	ECK1007|b1016|b1017|ycdN	pseudo
b4333	yjiK	ECK4324	protein-coding
b0043	fixC	ECK0044|yaaS	protein-coding
b4526	ydaE	ECK1349	protein-coding
b4469	ygiQ	ECK3007|b3015|b3016|ygiR	protein-coding
b3832	rmuC	ECK3826|yigN	protein-coding
b1344	ttcA	ECK1341|ydaO	protein-coding
b3638	yicR	ECK3628|radC	protein-coding
b1794	dgcP	ECK1792|yeaP	protein-coding
b2704	srlB	ECK2699|gutB	protein-coding
b1374	pinR	ECK1369|ynaD	protein-coding
b3787	wecC	ECK3779|mnaB|rff|rffD	protein-coding
b4263	yjgR	ECK4256	protein-coding
b2710	norV	ECK2705|ygaI|ygaJ|ygaK	protein-coding
b0557	borD	ECK0549|bor|iss|vboR|ybcU	protein-coding
b0860	artJ	ECK0851	protein-coding
b2993	hybD	ECK2987	protein-coding
b2145	yeiS	ECK2138	protein-coding
b2825	ppdB	ECK2821|ygdC	protein-coding
b0104	guaC	ECK0104	protein-coding
b3831	udp	ECK3825	protein-coding
b0863	artI	ECK0854	protein-coding
b0891	lolA	ECK0882|lplA|yzzV	protein-coding
b2547	yphE	ECK2544	protein-coding
b1165	ymgA	ECK1152	protein-coding
b0055	djlA	ECK0056|yabH	protein-coding
b2218	rcsC	ECK2211	protein-coding
b2722	hycD	ECK2717|hevD	protein-coding
b0036	caiD	ECK0037|yaaL	protein-coding
b1741	cho	ECK1739|ydjQ	protein-coding
b0038	caiB	ECK0039|yaaN	protein-coding
b0340	cynS	ECK0337|cnt|cyaN	protein-coding
b0035	caiE	ECK0036	protein-coding
b3230	rpsI	ECK3219	protein-coding
b0787	ybhM	ECK0776	protein-coding
b1211	prfA	ECK1199|sueB|uar|ups?	protein-coding
b2144	sanA	ECK2137|sfiXSt|yeiF	protein-coding
b0253	ykfA	ECK0255	protein-coding
b0256	insI1	ECK0258|tra8-1	protein-coding
b0221	fadE	ECK0222|yafH	protein-coding
b0965	yccU	ECK0956	protein-coding
b0217	yafT	ECK0217	protein-coding
b2219	atoS	ECK2212	protein-coding
b1044	ymdA	ECK1030	protein-coding
b3800	aslB	ECK3793|atsB|gppB	protein-coding
b1684	sufA	ECK1680|ydiC	protein-coding
b3801	aslA	ECK3794|atsA|gppB	protein-coding
b2886	ygfS	ECK2881	protein-coding
b2888	uacT	ECK2883|ygfU	protein-coding
b2887	ygfT	ECK2882	protein-coding
b2889	idi	ECK2884|ygfV	protein-coding
b4512	ybdD	ECK0592	protein-coding
b2123	yehR	ECK2115	protein-coding
b2125	btsR	ECK2117|yehT	protein-coding
b0032	carA	ECK0033|arg|pyrA	protein-coding
b2124	yehS	ECK2116	protein-coding
b2126	btsS	ECK2118|yehU	protein-coding
b2128	yehW	ECK2121	protein-coding
b2127	mlrA	ECK2119|yehV	protein-coding
b2310	argT	ECK2304	protein-coding
b0523	purE	ECK0516|Pur2|ade|ade(f)|ade3	protein-coding
b2492	focB	ECK2488	protein-coding
b2311	ubiX	ECK2305|dedF	protein-coding
b0076	leuO	ECK0078	protein-coding
b2827	thyA	ECK2823	protein-coding
b2149	mglA	ECK2142|mgl|mglP	protein-coding
b2147	preA	ECK2140|yeiA	protein-coding
b0525	ppiB	ECK0518	protein-coding
b2148	mglC	ECK2141|mglP	protein-coding
b2153	folE	ECK2146	protein-coding
b2150	mglB	ECK2143	protein-coding
b2155	cirA	ECK2148|cir|feuA	protein-coding
b2151	galS	ECK2144|mglD	protein-coding
b2152	yeiB	ECK2145	protein-coding
b2154	yeiG	ECK2147	protein-coding
b0862	artQ	ECK0853	protein-coding
b3639	dfp	ECK3629|coaBC	protein-coding
b3633	waaA	ECK3623|kdtA	protein-coding
b2146	preT	ECK2139|yeiT	protein-coding
b2083	yegZ	ECK2080	pseudo
b0889	lrp	ECK0880|alsB|ihb|livR|lrs|lss|lstR|mbf|oppI|rblA	protein-coding
b0887	cydD	ECK0878|htrD	protein-coding
b0524	lpxH	ECK0517|ybbF	protein-coding
b0888	trxB	ECK0879|trxR	protein-coding
b1042	csgA	ECK1028	protein-coding
b3186	rplU	ECK3175	protein-coding
b4264	idnR	ECK4257|gntH|gntS?|yjgS	protein-coding
b4307	yjhQ	ECK4297	protein-coding
b0103	coaE	ECK0103|yacE	protein-coding
b0157	yadS	ECK0156	protein-coding
b2546	yphD	ECK2543	protein-coding
b0039	caiA	ECK0040|yaaO	protein-coding
b0611	rna	ECK0604|rnsA	protein-coding
b0861	artM	ECK0852	protein-coding
b0608	ybdR	ECK0602	protein-coding
b2878	ygfK	ECK2874	protein-coding
b1666	valW	ECK1662	tRNA
b0612	citT	ECK0605|ybdS	protein-coding
b2880	ygfM	ECK2876	protein-coding
b2879	ssnA	ECK2875|ygfL	protein-coding
b2195	ccmG	ECK2187|dsbE|yejQ	protein-coding
b2882	xanQ	ECK2878|ygfO	protein-coding
b0397	sbcC	ECK0391	protein-coding
b0396	araJ	ECK0390|araT	protein-coding
b2106	rcnA	ECK2099|yohM	protein-coding
b2881	xdhD	ECK2877|ygfN	protein-coding
b2107	rcnB	ECK2100|yohN	protein-coding
b2193	narP	ECK2185	protein-coding
b1928	yedD	ECK1927	protein-coding
b0343	lacY	ECK0340	protein-coding
b0614	citX	ECK0607|ybdU	protein-coding
b1251	yciI	ECK1245	protein-coding
b0394	mak	ECK0389|yajF	protein-coding
b2387	fryB	ECK2383|ypdH	protein-coding
b4347	symE	ECK4337|dinL|sosC|yjiW	protein-coding
b4340	yjiR	ECK4331	protein-coding
b4353	yjiX	ECK4343	protein-coding
b2945	endA	ECK2940	protein-coding
b0445	ybaE	ECK0439	protein-coding
b0276	yagJ	ECK0275	protein-coding
b0440	hupB	ECK0434|dbhB|dpeA|hopD	protein-coding
b1606	folM	ECK1601|ydgB	protein-coding
b2341	fadJ	ECK2335|yfcX	protein-coding
b2351	yfdH	ECK2345|gtrB	protein-coding
b2355	yfdL	ECK2349	pseudo
b4299	yjhI	ECK4288	protein-coding
b1923	fliC	ECK1922|H|flaF|hag	protein-coding
b4296	yjhF	ECK4285	protein-coding
b2365	dsdX	ECK2361|dsdC|yfdA|yfdD	protein-coding
b4292	fecR	ECK4282	protein-coding
b1918	tcyL	ECK1917|yecS	protein-coding
b4310	nanM	ECK4301|yjhT	protein-coding
b2376	ypdI	ECK2372	protein-coding
b2375	yfdX	ECK2371	protein-coding
b2339	yfcV	ECK2333	protein-coding
b2372	yfdV	ECK2368	protein-coding
b2386	fryC	ECK2382|ypdG	protein-coding
b0195	trmO	ECK0195|tsaA|yaeB	protein-coding
b0196	rcsF	ECK0196	protein-coding
b0566	envY	ECK0558	protein-coding
b3158	ubiU	ECK3146|yhbU	protein-coding
b0194	proS	ECK0194|drp|drpA	protein-coding
b3159	ubiV	ECK3147|yhbV	protein-coding
b0986	gfcB	ECK0977|ymcC	protein-coding
b1040	csgD	ECK1026	protein-coding
b0409	secF	ECK0403	protein-coding
b2192	insH8	ECK0261|trs5-8|yi52_8	protein-coding
b4346	mcrB	ECK4336|rglB	protein-coding
b2139	mdtQ	ECK2131|ECK2132|b2138|yohG|yohH	pseudo
b2142	yohK	ECK2135	protein-coding
b2137	yohF	ECK2130|yohE	protein-coding
b2141	yohJ	ECK2134	protein-coding
b0024	yaaY	ECK0025	protein-coding
b0025	ribF	ECK0026|yaaC	protein-coding
b0406	tgt	ECK0400|vacC(S.f.)	protein-coding
b0403	malZ	ECK0397	protein-coding
b0404	acpH	ECK0398|yajB	protein-coding
b0408	secD	ECK0402	protein-coding
b0222	gmhA	ECK0223|lpcA|tfrA|yafI	protein-coding
b4500	yfaS	ECK2220|b2227|b2228|yfaR	pseudo
b4501	torI	ECK2359	protein-coding
b4406	yaeP	ECK0189	protein-coding
b4503	yafF	ECK0219	pseudo
b4504	ykfH	ECK0248	protein-coding
b4505	insX	ECK0266|ECK4473|ykgN	pseudo
b4506	ykgO	ECK0295	protein-coding
b4509	ylcG	ECK0542	protein-coding
b4510	rzoD	ECK0548	protein-coding
b4511	ybdZ	ECK0578	protein-coding
b4514	ybfQ	ECK0693	protein-coding
b4515	cydX	ECK0723|ybgT	protein-coding
b4517	gnsA	ECK0982|sfa|yccL	protein-coding
b4516	insA4	ECK0023	protein-coding
b4520	ymgF	ECK1156	protein-coding
b4521	ycgI	ECK1160|ECK1161|b1173|ymgH	pseudo
b4522	ymiA	ECK4433|yciX_1	protein-coding
b4523	yciX	ECK1270|yciX_2	protein-coding
b4525	ymjC	ECK1323	protein-coding
b4528	rzoR	ECK1361	protein-coding
b4533	ynfO	ECK1542	protein-coding
b4661	yfcU	ECK2331|ECK2332|b2337|b2338|yfcT	pseudo
b4535	yniD	ECK1719	protein-coding
b4536	yobH	ECK1825	protein-coding
b4538	yoeF	ECK2000	protein-coding
b4539	yoeB	ECK2011	protein-coding
b4542	yohO	ECK2120	protein-coding
b4543	ypaA	ECK2237	pseudo
b4544	arnE	ECK2251|yfbW	protein-coding
b4545	ypdJ	ECK2358	protein-coding
b4546	ypeB	ECK2405	protein-coding
b4547	ypfN	ECK2468	protein-coding
b4548	ypjJ	ECK2641|lfgC	protein-coding
b4550	arfA	ECK3278|yhdL	protein-coding
b4551	yheV	ECK3337	protein-coding
b4552	yrhC	ECK3468	pseudo
b4553	ysaB	ECK3549	protein-coding
b4565	sgcB	ECK4294	protein-coding
b4566	topAI	ECK4298|yjhX	protein-coding
b4568	ytjA	ECK4368	protein-coding
b4554	yibT	ECK3591	protein-coding
b4555	yicS	ECK3652	protein-coding
b4556	glvG	ECK3672|ECK3673|b3681|yidM|ysdC	pseudo
b4557	yidD	ECK3697	protein-coding
b4558	lptM	ECK3803|yifL	protein-coding
b4559	ghoT	ECK4122|yjdO	protein-coding
b4561	insM	ECK4273	pseudo
b4567	yjjZ	ECK4358	protein-coding
b4486	yjiV	ECK4334|b4343|b4344|mcrD|yjiU	pseudo
b4430	rydB	ECK1681|IS082|tpe7	ncRNA
b4431	rprA	ECK1686|IS083|psrA5	ncRNA
b4498	gatR	ECK2083|b2087|b2090	pseudo
b4436	sibA	ECK2068|QUAD1a|ryeC|tp11	ncRNA
b4437	sibB	ECK2069|QUAD1b|ryeD|tpe60	ncRNA
b3777	yifN	ECK3768|ECK3769|yifO	pseudo
b4481	wecF	ECK3785|b4404|b4405|rff|rffT|yifM	protein-coding
b4456	glmZ	ECK3795|k19|psrA20|ryiA|sraJ	ncRNA
b4482	yigE	ECK3809|b3814|b3815	protein-coding
b4424	rdlC	ECK1209	ncRNA
b4416	rybA	ECK0806	ncRNA
b4409	blr	ECK1620	protein-coding
b4425	rttR	ECK1223|rtT	ncRNA
b4447	sibD	C0730|ECK3041|IS156|QUAD1d|rygD|tp8	ncRNA
b4449	sraG	ECK3153|p3|psrA15|psrO	ncRNA
b4465	yggP	ECK2927|b2931|b2932	protein-coding
b4484	cpxP	ECK3906|b3913|yiiO	protein-coding
b4434	azuR	ECK1902|G0-8904|IS092|isrB	ncRNA
b4450	arcZ	ECK3199|psrA16|ryhA|sraH	ncRNA
b4435	isrC	ECK1992|IS102	ncRNA
b4658	yghX	ECK2993|ECK2994|b2999|b3000|orf_f136|yghY	pseudo
b2681	ygaY	ECK2674|ECK2675|b2680|ygaX	pseudo
b4442	micA	ECK2682|psrA10|sraD	ncRNA
b4480	hdfR	ECK3756|b3762|b3763|yifA|yifD	protein-coding
b4488	ilvG	ECK3760|b3767|b3768|ilvO	pseudo
b4441	glmY	ECK2554|sroF|tke1	ncRNA
b4458	oxyS	ECK3952	ncRNA
b4407	thiS	ECK3983|thiG1	protein-coding
b4491	ycgH	ECK1157|b1169|b1170	pseudo
b4495	yedN	ECK1932|ECK1933|b1933|b1934|b1935|yedM	pseudo
b2858	ygeN	ECK2855|ECK2856|b2857|ygeM	pseudo
b3406	greB	ECK3393	protein-coding
b4475	rtcA	ECK3406|b3419|b3420|yhgJ|yhgK	protein-coding
b4473	smf	ECK3272|b3285|b3286|smf1|smf2	protein-coding
b4463	ygcU	ECK2767|b2772|b2773|ygcT|ygcV	protein-coding
b2635	ypjK	ECK2631	protein-coding
b4427	micC	ECK1373|IS063|tke8	ncRNA
b4440	ryfA	ECK2518|PAIR3b|tp1	ncRNA
b4415	hokE	ECK0574|ybdY	protein-coding
b4466	yghJ	ECK2968|b2973|b2974|sslE	protein-coding
b4467	glcF	ECK2972|b2978|gox|yghL	protein-coding
b4468	glcE	ECK2973|b2978|gox|yghL	protein-coding
b4408	csrB	ECK2787	ncRNA
b4443	gcvB	ECK2804|IS145|psrA11	ncRNA
b3683	glvC	ECK3675|ptiC	protein-coding
b3682	glvB	ECK3674|yidN|yidO	protein-coding
b4470	cyuA	ECK3099|b3108|b3109|yhaM|yhaN	protein-coding
b4471	tdcG	ECK3101|b3111|b3112|sdhY|tdcGa|yhaP|yhaQ	protein-coding
b4485	ytfR	ECK4224|b4228|b4229|ytfS	protein-coding
b4499	yehH	ECK2108|b2116|b2117|molR|yehG	pseudo
b4428	hokB	ECK1412|ydcB	protein-coding
b4429	sokB	ECK1414	ncRNA
b4452	gadY	ECK3500|IS183	ncRNA
b4453	ldrD	ECK3524	protein-coding
b4454	rdlD	ECK3525	ncRNA
b4455	hokA	ECK3544|yiaZ	protein-coding
b4419	ldrA	ECK1204	protein-coding
b4420	rdlA	ECK1205	ncRNA
b4421	ldrB	ECK1206	protein-coding
b4410	ecnA	ECK4142	protein-coding
b4411	ecnB	ECK4143|yjeU	protein-coding
b4493	gapC	ECK1409|b1416|b1417	pseudo
b4461	yfjD	ECK2609|b2612|b2613|ypjE	protein-coding
b4472	yhdP	ECK3234|b3245|b3246|yhdQ|yhdR	protein-coding
b4378	yjjV	ECK4370	protein-coding
b4439	micF	ECK2208|stc	ncRNA
b2423	cysW	ECK2418	protein-coding
b4412	hokC	ECK0017|gef	protein-coding
b4413	sokC	ECK0019|sof	ncRNA
b4444	omrA	ECK2833|PAIR2a|psrA12|rygA|sraE|t59	ncRNA
b4445	omrB	ECK2834|PAIR2b|rygB|t59	ncRNA
b4464	ghxQ	ECK2880|b2884|b2885|ygfQ|ygfR	protein-coding
b4446	sibC	ECK2908|QUAD1c|rygC|t27	ncRNA
b4492	ydbA	ECK1398|b1401|b1405	pseudo
b4426	mcaS	ECK1336|IS061|isrA	ncRNA
b4483	tatD	ECK3833|b3840|b3841|mttC|yigW|yigX	protein-coding
b4459	ryjA	ECK4056|psrA24|sraL	ncRNA
b4487	yjdP	ECK4084	protein-coding
b4418	sraB	ECK1073|pke20|psrA4|psrD	ncRNA
b1874	cutC	ECK1875	protein-coding
b3367	nirC	ECK3355	protein-coding
b4474	frlC	ECK3360|b3372|b3373|yhfO|yhfP	protein-coding
b3390	aroK	ECK3377	protein-coding
b4476	gntU	ECK3421|b3435|b3436	protein-coding
b4451	ryhB	ECK3426|IS176|psrA18|sraI	ncRNA
b4462	ygaQ	ECK2649|G7391|G7392|G7393|b2654|b2655|b2656|b2657|b2658|ygaR|yqaC|yqaD	pseudo
b4496	yedS	ECK1962|b1964|b1965|b1966|yedT	pseudo
b4497	yeeL	ECK1975|b1979|b1980|yeeK	pseudo
b4478	dgoD	ECK3684|b3692|yidU	protein-coding
b4477	dgoA	ECK3685|b3692|yidU	protein-coding
b4479	dgoR	ECK3687|b3694|b3695|yidW	protein-coding
b3826	yigL	ECK3820	protein-coding
b4438	cyaR	ECK2078|ryeE	ncRNA
b4422	rdlB	ECK1207	ncRNA
b4432	ryeA	ECK1838|IS091|psrA8|sraC|tkpe79	ncRNA
b4433	sdsR	ECK1839|ryeB|tkpe79	ncRNA
b4414	tff	ECK0167|t44	ncRNA
b4417	rybB	ECK0837|p25	ncRNA
b4423	ldrC	ECK1208	protein-coding
b4457	csrC	ECK3858|IS198|psrA21|ryiB|sraK|tpk2	ncRNA
b4572	ylbE	ECK0512|G0-10554|b0519|b4507	protein-coding
b4519	icdC	ECK1146	pseudo
b4529	ydbJ	ECK1375	protein-coding
b4578	yncK	ECK1425|b4530|b4531|insP	pseudo
b4534	ynfP	ECK1574|ydfJ_1	protein-coding
b4571	wbbL	ECK2025|b2031|b4540|yefJ	pseudo
b4502	yeiW	ECK2164	protein-coding
b4569	yhcE	ECK3207|b3217|b4549	pseudo
b4575	yjgX	ECK4266|b4275|b4276|b4560|yjgY	pseudo
b4576	insB7	ECK0022|b4563|b4564	pseudo
b4541	yehK	ECK2110	protein-coding
b4570	lomR	ECK1366|b1369|b1371	pseudo
b4573	insZ	ECK1234|b1239|b1240|ychG	pseudo
b4577	sgrS	ECK0071|ryaA	ncRNA
b4579	yaiX	ECK0356|ECK0359|b0359|b0362|yaiF	pseudo
b4580	yaiT	ECK0368|ECK0369|b0371|b0374|yaiU	pseudo
b4581	ybeM	ECK0618|ECK0619|b0625|b0626|ybeH	pseudo
b4582	yoeA	ECK1989|ECK1990|b1995|b1998|yoeE	pseudo
b4524	ymjB	ECK1314	pseudo
b4599	mgtS	ECK4409|yneM	protein-coding
b4586	ykfM	ECK4397	protein-coding
b4589	ylcI	ECK4399	protein-coding
b4585	chiX	ECK4396|micM|rybC|sroB	ncRNA
b4587	insN	ECK0257|b0255|b0257|yi91a	pseudo
b4595	yciY	ECK4405	protein-coding
b4598	yncL	ECK4408	protein-coding
b4588	ylcH	ECK4398	protein-coding
b4602	cydH	ECK4411|cydY|ynhF	protein-coding
b4609	ryfD	ECK4418	ncRNA
b4603	rseX	ECK4412|IS096	ncRNA
b4597	rydC	ECK4407	ncRNA
b4596	yciZ	ECK4406|deoL	protein-coding
b4601	ydgU	ECK4410	protein-coding
b4605	ypaB	ECK4414	protein-coding
b4606	ypfM	ECK4415	protein-coding
b4604	yojO	ECK4413	protein-coding
b4593	ymgI	ECK4403	protein-coding
b4594	ymgJ	ECK4404	protein-coding
b4608	ohsC	ECK4417|ryfC	ncRNA
b4610	ygdT	ECK4419	protein-coding
b4611	sibE	ECK4420|QUAD1e|rygE	ncRNA
b4612	yrhD	ECK4421	protein-coding
b4613	dinQ	ECK4422	protein-coding
b4614	sokA	ECK4423	pseudo
b4615	yibV	ECK4424	protein-coding
b4616	istR	ECK4425|istR-1|istR-2|psrA19	ncRNA
b4618	tisB	ECK4427|ysdB	protein-coding
b4620	yjbT	ECK4428	protein-coding
b4621	yjbS	ECK4429	protein-coding
b4622	ytcA	ECK4430	protein-coding
b4623	insO	ECK0257|ECK4274|ECK4275|ECK4476|b4283|b4285|b4562|insN2|insO2|yi91|yi91b|yjhW	pseudo
b4624	ryjB	ECK4431	ncRNA
b4625	symR	ECK4432|ryjC	ncRNA
b4626	ykfN	ECK4458	pseudo
b4627	ykfL	ECK4445	pseudo
b4628	ykfK	ECK4444	pseudo
b4630	ykgP	ECK4446	pseudo
b4631	ykgQ	ECK4454	pseudo
b4632	ylbI	ECK4441	pseudo
b4633	xisD	ECK4435|ybcB	pseudo
b4634	aaaD	ECK4439|ylcF	pseudo
b4637	uof	ECK4461	protein-coding
b4636	ybfI	ECK4436	pseudo
b4638	ttcC	ECK4447	pseudo
b4639	yeeH	ECK4437	pseudo
b4640	yoeG	ECK4451	pseudo
b4641	yoeH	ECK4452	pseudo
b4642	yoeD	ECK4443	pseudo
b4643	pawZ	ECK4464	pseudo
b4644	ypjI	ECK4438	pseudo
b4645	psaA	ECK4465	pseudo
b4646	yrdE	ECK4442	pseudo
b4647	mokA	ECK4448	pseudo
b4648	ysaC	ECK4459	pseudo
b4649	ysaD	ECK4460	pseudo
b4650	yibS	ECK4440	pseudo
b4651	yibW	ECK4450	pseudo
b4652	yibU	ECK4449	pseudo
b4653	yicT	ECK4456|erhM|rhuM	pseudo
b4654	yjdQ	ECK4457	pseudo
b4655	ythA	ECK4434	protein-coding
b4656	yjhY	ECK4453	pseudo
b4657	yjhZ	ECK4455	pseudo
b4674	ynbG	ECK4489	protein-coding
b4689	rzoQ	ECK4503	protein-coding
b4672	ymiB	ECK4487	protein-coding
b4673	ymjD	ECK4488	protein-coding
b4682	yqcG	ECK4497	protein-coding
b4685	yrbN	ECK4500	protein-coding
b4687	shoB	ECK4502|b4681|ryfB|yphI	protein-coding
b4686	yshB	ECK4501	protein-coding
b4680	ypdK	ECK4495	protein-coding
b4696	yneO	ECK1502|ECK1503|b1509|b1510|orfT|ydeK|ydeU	pseudo
b4662	sgrT	ECK4477	protein-coding
b4667	ibsA	ECK4482	protein-coding
b4668	ibsB	ECK4483	protein-coding
b4665	ibsC	ECK4480	protein-coding
b4664	ibsD	ECK4479	protein-coding
b4666	ibsE	ECK4481	protein-coding
b4670	yjeV	ECK4485	protein-coding
b4690	eyeA	ECK4506	ncRNA
b4688	ykgS	ECK4504	protein-coding
b4671	ykgR	ECK4486	protein-coding
b4679	yohP	ECK4494	protein-coding
b4683	yqeL	ECK4498	protein-coding
b4684	yqfG	ECK4499	protein-coding
b4669	ilvX	ECK4484	protein-coding
b4697	yrdF	ECK4509	pseudo
b4677	yobI	ECK4492	protein-coding
b4663	azuC	ECK4478	protein-coding
b4678	yoeI	ECK4493	protein-coding
b4692	oweE	ECK4507	pseudo
b4693	aaaE	ECK1135	pseudo
b4691	sroH	ECK4505	ncRNA
b4676	yoaK	ECK4491	protein-coding
b4675	yoaJ	ECK4490	protein-coding
b4698	mgrR	ECK4510	ncRNA
b4699	fnrS	ECK4511|rydA	ncRNA
b4701	sokX	ECK4514	ncRNA
b4702	mgtL	ECK4513	protein-coding
b4704	arrS	ECK4516	ncRNA
b4703	pmrR	ECK4515	protein-coding
b4708	insI2	ECK4564	pseudo
b4705	mntS	ECK4517|G0-8881	protein-coding
b4706	iroK	ECK4518	protein-coding
b4707	esrE	ECK4519	ncRNA
b4712	agrA	ECK4569	ncRNA
b4713	agrB	ECK4570	ncRNA
b4714	ralA	ECK4571	ncRNA
b0057	yabQ	ECK0058|b4659	protein-coding
b4726	yabR	ECK4583	protein-coding
b4727	yacM	ECK4584	protein-coding
b4728	yadW	ECK4585	protein-coding
b4710	insB9	ECK4567	protein-coding
b4709	insA9	ECK4566	protein-coding
b4729	ykgV	ECK4586	protein-coding
b4730	yahV	ECK4587	protein-coding
b4731	ykiC	ECK4588	protein-coding
b4732	ykiD	ECK4589	protein-coding
b4733	ylcJ	ECK4590	protein-coding
b4734	yldA	ECK4591	protein-coding
b4735	ybgU	ECK4592	protein-coding
b4736	yliM	ECK4593	protein-coding
b4723	ymcF	ECK4580	protein-coding
b4737	ymdG	ECK4594	protein-coding
b4738	ymgK	ECK4595	protein-coding
b4739	ymgL	ECK4596	protein-coding
b4740	ymgM	ECK4597	protein-coding
b4711	insH21	ECK4568	protein-coding
b4741	ymiC	ECK4598	protein-coding
b4742	ymjE	ECK4599	protein-coding
b4743	ynaL	C0343|ECK4600	protein-coding
b4744	ynaM	ECK4601	protein-coding
b4745	yncO	ECK4602	protein-coding
b4746	yddY	ECK4603	protein-coding
b4747	yneP	ECK4604	protein-coding
b1543	ydfJ	ECK1536|ydfJ_2	protein-coding
b4748	ynfT	ECK4605	protein-coding
b4749	ynfR	ECK4606	protein-coding
b4724	ynfQ	ECK4581	protein-coding
b4750	ynfS	ECK4607	protein-coding
b4751	yoaL	ECK4608	protein-coding
b4717	micL	ECK4574|ryeF|slrA	ncRNA
b4752	yecU	ECK4609	protein-coding
b4719	sdsN	ECK4576	ncRNA
b4725	rseD	ECK4582	protein-coding
b4753	yqfH	ECK4610	protein-coding
b4754	yqfI	ECK4611	protein-coding
b4755	yqhI	ECK4612	protein-coding
b4756	yqiD	ECK4613	protein-coding
b4718	gadF	ECK4575	ncRNA
b4757	ysdD	ECK4614	protein-coding
b4716	cpxQ	ECK4573	ncRNA
b4583	phnE1	ECK4096|ECK4097|b4103|b4104	pseudo
b4720	ytiC	ECK4577	protein-coding
b4721	ytiD	ECK4578	protein-coding
b4722	idlP	ECK4579	protein-coding
b4715	ytiA	ECK4572	protein-coding
b4584	rpnD	ECK4329|ECK4330|b4338|b4339|yjiP|yjiQ	pseudo
b4762	sroA	ECK4619|tpe79	ncRNA
b4765	yadX	ECK4622	protein-coding
b4766	argL	ECK4623	protein-coding
b4767	ytiB	ECK4624	protein-coding
b4763	sroC	ECK4620|HB_314	ncRNA
b4803	speFL	ECK4660	protein-coding
b4768	ybgV	ECK4625	protein-coding
b4764	sdhX	ECK4621|rybD	ncRNA
b4769	ybiE	ECK4626	protein-coding
b4770	yljB	ECK4627	protein-coding
b4771	ychT	ECK4627	protein-coding
b4772	ymiD	ECK4629	protein-coding
b4773	ynaN	ECK4630	protein-coding
b4774	yncP	ECK4631	protein-coding
b4775	mgtT	ECK4632	protein-coding
b4776	ynfU	ECK4633	protein-coding
b4777	mdtU	ECK4634|ydgV	protein-coding
b4778	yecV	ECK4635	protein-coding
b4759	3'ETS-leuZ	ECK4616	ncRNA
b4779	yoaM	ECK4636	protein-coding
b4780	yodE	ECK4637	protein-coding
b4781	evgL	ECK4638	protein-coding
b4761	sroE	ECK4618|k20	ncRNA
b4782	pssL	ECK4639	protein-coding
b4783	yfiS	ECK4639	protein-coding
b4784	yqgG	ECK4641	protein-coding
b4785	yqgH	ECK4642	protein-coding
b4786	yqhJ	ECK4643	protein-coding
b4787	yqiM	ECK4644	protein-coding
b4788	yhgO	ECK4645	protein-coding
b4789	yhgP	ECK4646	protein-coding
b4790	yhiY	ECK4647	protein-coding
b4791	yriA	ECK4648	protein-coding
b4792	yriB	ECK4649	protein-coding
b4793	ysaE	ECK4650	protein-coding
b4794	baxL	ECK4651	protein-coding
b4795	yibX	ECK4652	protein-coding
b4796	yibY	ECK4653	protein-coding
b4760	rirA	ECK4617	ncRNA
b4797	yicU	ECK4654	protein-coding
b4798	ysdE	ECK4655	protein-coding
b4799	ysgD	ECK4656	protein-coding
b4758	pspH	ECK4615	ncRNA
b4800	ytgA	ECK4657	protein-coding
b4801	ykiE	ECK4658	protein-coding
b4802	ythB	ECK4659	protein-coding
b4810	ftsO	ECK4667	ncRNA
b4809	ispZ	ECK4666	ncRNA
b4815	ykfO	ECK4672	protein-coding
b4831	allZ	ECK4688	ncRNA
b4835	sokE	ECK4692	ncRNA
b4808	chiZ	ECK4665	ncRNA
b4814	zbiJ	ECK4671	ncRNA
b4826	flgO	ECK4683	ncRNA
b4832	bhsB	ECK4689	ncRNA
b4806	C0293	ECK4663	ncRNA
b4816	ymgN	ECK4673	protein-coding
b4813	narS	ECK4670	ncRNA
b4833	kilS	ECK4690	ncRNA
b4817	ynhH	ECK4674	protein-coding
b4828	motR	ECK4685	ncRNA
b4827	fliX	ECK4684	ncRNA
b4818	yoeJ	ECK4675	protein-coding
b4819	ypeD	ECK4676	protein-coding
b4811	timR	ECK4668	ncRNA
b4812	timP	ECK4669	protein-coding
b4805	raiZ	ECK4662	ncRNA
b4820	yrfJ	ECK4677	protein-coding
b4834	xylZ	ECK4691	ncRNA
b4829	uhpU	ECK4686	ncRNA
b4804	rbsZ	ECK4661	ncRNA
b4830	aceK-int	ECK4687	ncRNA
b4807	malH	ECK4664	ncRNA
b4821	ytcB	ECK4678	protein-coding
b4825	aspX	ECK4682	ncRNA
b4822	ytgB	ECK4679	protein-coding
b4823	ytiE	ECK4680	protein-coding
b4824	ytjE	ECK4681	protein-coding
b4840	stfZ	ECK4697	ncRNA
b4845	xtpA	ECK4702	protein-coding
b4839	asflhD	ECK4696	ncRNA
b4843	asphoP	ECK4700	ncRNA
b4844	ameF	ECK4701	ncRNA
b4837	spfP	ECK4694	protein-coding
b4836	glnZ	ECK4693	ncRNA
b4841	ascrp	ECK4698	ncRNA
b4842	asompR	ECK4699	ncRNA
b4838	fimR2	ECK4695	ncRNA
b4846	yrdG	ECK4703|asarfA	ncRNA
